symbol,timestamp,action,price,realized_pnl,mean_acq_price
AAVE-USDT-SWAP,2025-03-01 13:50:38.730200,rebalance_sell,183.89,-22.29920000000009,186.9700000000006
LINK-USDT-SWAP,2025-03-01 13:50:38.730200,rebalance_sell,14.243,-21.713999999999988,14.473999999999933
STRK-USDT-SWAP,2025-03-01 13:50:38.730200,close,0.2024,-0.0,0.2024
ORDI-USDT-SWAP,2025-03-01 13:50:38.730200,close,11.141,-51.111900000000084,11.582
BNB-USDT-SWAP,2025-03-01 13:50:38.730200,rebalance_buy,593.8,-0.22799999999979265,593.7
BAT-USDT-SWAP,2025-03-01 13:50:38.730200,rebalance_sell,0.1618,0.0,0.0007003703703703706
UMA-USDT-SWAP,2025-03-01 13:50:38.730200,close,1.448,-0.0,1.448
ZETA-USDT-SWAP,2025-03-01 18:20:35.718400,rebalance_buy,0.2872,1.8059999999999876,0.2914999999999999
FLOKI-USDT-SWAP,2025-03-01 18:20:35.718400,rebalance_sell,7.915e-05,-6.879999999999934,7.954999999999928e-05
GMX-USDT-SWAP,2025-03-01 18:52:41.515300,close,17.27,10.752000000000045,17.13
ID-USDT-SWAP,2025-03-01 18:52:41.515300,rebalance_buy,0.262,0.0,0.26201066666666667
GAS-USDT-SWAP,2025-03-01 19:40:41.597300,rebalance_sell,3.37,18.814000000000107,3.324000000000069
MEW-USDT-SWAP,2025-03-01 20:04:42.400100,rebalance_sell,0.002353,0.0,1.6197771587743673e-05
MINA-USDT-SWAP,2025-03-01 20:24:43.279500,close,0.309,-0.017400000000000082,0.3119
ZK-USDT-SWAP,2025-03-01 20:24:43.279500,rebalance_sell,0.0937,8.94600000000005,0.093100000000004
ATOM-USDT-SWAP,2025-03-01 22:12:41.050800,close,4.526,12.221999999999946,4.484
IMX-USDT-SWAP,2025-03-01 22:12:41.050800,rebalance_buy,0.6971,-0.17930000000001645,0.6959999999999998
EOS-USDT-SWAP,2025-03-02 01:46:41.199800,rebalance_sell,0.5627,31.247999999999863,0.5500999999999976
ZETA-USDT-SWAP,2025-03-02 03:58:34.873500,close,0.289,-11.924999999999745,0.2914999999999999
BAT-USDT-SWAP,2025-03-02 03:58:34.873500,rebalance_buy,0.1682,-1385.221937037037,0.0007003703703703706
BTC-USDT-SWAP,2025-03-02 08:42:42.326400,close,85877.2,0.7615999999998603,85829.6
FLOW-USDT-SWAP,2025-03-02 09:48:38.032400,close,0.4779,14.550000000000013,0.4729
XRP-USDT-SWAP,2025-03-02 09:48:38.032400,rebalance_buy,2.2639,-62.38310000000005,2.1618
LRC-USDT-SWAP,2025-03-02 09:48:38.032400,rebalance_sell,0.1212,0.0,-0.0004310679611650498
BAT-USDT-SWAP,2025-03-02 13:48:39.080800,rebalance_sell,0.1648,0.0,-0.0838365245504604
EOS-USDT-SWAP,2025-03-02 13:48:39.080800,close,0.5611,0.0,0.5611
BICO-USDT-SWAP,2025-03-02 15:18:34.375800,rebalance_sell,0.1521,-5.09699999999991,0.15269999999998163
METIS-USDT-SWAP,2025-03-02 15:38:40.419800,close,22.85,39.488000000000035,22.21
ADA-USDT-SWAP,2025-03-02 16:16:42.029300,close,0.9841,0.0,0.9841
ZRX-USDT-SWAP,2025-03-02 16:16:42.029300,rebalance_sell,0.2999,34.00899999999998,0.2927999999999997
XRP-USDT-SWAP,2025-03-02 16:16:42.029300,rebalance_sell,2.7319,0.0,2.8374227611940293
BNB-USDT-SWAP,2025-03-02 16:16:42.029300,rebalance_sell,617.9,0.0,-275651.1000000059
XRP-USDT-SWAP,2025-03-02 16:30:00.000000,rebalance_sell,2.7958,0.0,0.0
ENS-USDT-SWAP,2025-03-02 16:30:00.000000,rebalance_sell,22.579,27.431499999999946,22.163999999999202
ATOM-USDT-SWAP,2025-03-02 16:30:40.624600,rebalance_sell,4.776,18.356999999999946,4.688999999999999
XRP-USDT-SWAP,2025-03-02 16:30:40.624600,rebalance_buy,2.9278,-819.784,10.783597857142857
SOL-USDT-SWAP,2025-03-02 16:30:40.624600,rebalance_sell,173.94,0.0,57.81196473551639
ENS-USDT-SWAP,2025-03-02 16:30:40.624600,rebalance_buy,22.974,0.0,22.972442307692308
XRP-USDT-SWAP,2025-03-02 16:32:41.481100,rebalance_sell,2.9278,0.0,0.0
SOL-USDT-SWAP,2025-03-02 16:32:41.481100,rebalance_buy,173.94,-452.89933753148597,57.811964735516376
ATOM-USDT-SWAP,2025-03-02 16:32:41.481100,rebalance_buy,4.776,0.0,4.7516518771331056
ENS-USDT-SWAP,2025-03-02 16:32:41.481100,rebalance_sell,22.974,0.08084423076921965,22.972442307690415
AVAX-USDT-SWAP,2025-03-02 16:42:44.476000,close,24.189,0.0,24.189
XRP-USDT-SWAP,2025-03-02 16:42:44.476000,rebalance_buy,2.83,-1349.91,8.048619287211741
MASK-USDT-SWAP,2025-03-02 16:42:44.476000,rebalance_sell,2.26,0.0,-0.02508735440931778
BLUR-USDT-SWAP,2025-03-02 16:42:44.476000,rebalance_buy,0.1374,0.0,0.13737059999999998
STX-USDT-SWAP,2025-03-02 16:42:44.476000,rebalance_sell,0.8755,96.14639999999987,0.7979
CRO-USDT-SWAP,2025-03-02 16:42:44.476000,close,0.07878,0.0,0.07878
PYTH-USDT-SWAP,2025-03-02 17:00:42.471900,close,0.2198,0.0,0.2198
BSV-USDT-SWAP,2025-03-02 17:00:42.471900,rebalance_buy,36.7,0.0,36.53630434782609
STX-USDT-SWAP,2025-03-02 17:00:42.471900,close,0.8607,-5.395683899678261e-14,0.8607000000000001
BNB-USDT-SWAP,2025-03-02 17:00:42.471900,close,623.7,-0.0,623.7
ETH-USDT-SWAP,2025-03-02 17:58:44.511700,rebalance_sell,2475.15,18.69759999999999,2183.0
NEAR-USDT-SWAP,2025-03-02 17:58:44.511700,rebalance_sell,3.468,0.0,2.5310020790020786
CHZ-USDT-SWAP,2025-03-02 17:58:44.511700,rebalance_sell,0.05373,0.0,-0.0023090671506352067
KSM-USDT-SWAP,2025-03-02 17:58:44.511700,rebalance_sell,20.8,17.325000000000006,18.55
EGLD-USDT-SWAP,2025-03-02 17:58:44.511700,rebalance_sell,23.92,0.0,17.15037868162693
POL-USDT-SWAP,2025-03-02 17:58:44.511700,rebalance_sell,0.3055,0.0,0.21008812056737583
MEW-USDT-SWAP,2025-03-02 17:58:44.511700,rebalance_buy,0.002748,-1379.5601253481893,1.6197771587743673e-05
UNI-USDT-SWAP,2025-03-02 17:58:44.511700,rebalance_sell,8.212,14.11199999999998,7.330000000000001
ETC-USDT-SWAP,2025-03-02 17:58:44.511700,rebalance_sell,21.03,0.0,15.864129606099107
ICP-USDT-SWAP,2025-03-02 18:42:43.910800,close,7.049,82.20500000000014,6.648
IMX-USDT-SWAP,2025-03-02 19:44:44.319200,rebalance_sell,0.7458,0.0,-0.0873370360186968
LUNC-USDT-SWAP,2025-03-02 21:02:35.145100,rebalance_sell,7.151e-05,0.0,-2.4492741735023623e-06
MINA-USDT-SWAP,2025-03-02 21:02:35.145100,rebalance_sell,0.3392,10.026400000000002,0.309
ID-USDT-SWAP,2025-03-02 21:02:35.145100,rebalance_sell,0.2855,9.16083999999999,0.26201066666666667
ZRX-USDT-SWAP,2025-03-02 21:42:39.813500,close,0.3215,0.5740000000000056,0.2927999999999997
EGLD-USDT-SWAP,2025-03-02 21:42:39.813500,rebalance_sell,25.08,0.0,-1.7387131782945726
ETH-USDT-SWAP,2025-03-02 22:42:41.747500,rebalance_sell,2529.58,192.69848,2182.999999999991
CELO-USDT-SWAP,2025-03-02 23:00:44.897900,rebalance_sell,0.4252,0.0,0.0008582954200788527
EGLD-USDT-SWAP,2025-03-02 23:00:44.897900,rebalance_buy,25.23,-1499.4604527131783,-1.7387131782945724
FIL-USDT-SWAP,2025-03-02 23:26:37.515500,close,3.566,155.06699999999992,3.185
DOT-USDT-SWAP,2025-03-02 23:26:37.515500,rebalance_sell,5.152,13.110000000000007,4.582
BTC-USDT-SWAP,2025-03-03 00:30:00.000000,rebalance_sell,93737.0,5.580000000000014,89087.0
DOT-USDT-SWAP,2025-03-03 00:30:00.000000,rebalance_sell,5.205,166.96400000000006,4.582000000000107
AXS-USDT-SWAP,2025-03-03 00:30:00.000000,rebalance_buy,3.976,0.0,3.9755158959537575
ETC-USDT-SWAP,2025-03-03 01:02:39.990400,rebalance_sell,20.79,0.0,-0.8268166089965405
GRT-USDT-SWAP,2025-03-03 01:02:39.990400,rebalance_sell,0.1285,10.146000000000006,0.1171
ZK-USDT-SWAP,2025-03-03 01:28:39.947900,rebalance_buy,0.1015,0.0,0.10149358778625954
MANA-USDT-SWAP,2025-03-03 01:28:39.947900,rebalance_sell,0.3149,-15.479999999999967,0.31850000000001727
ZRX-USDT-SWAP,2025-03-03 06:26:36.700500,rebalance_sell,0.3061,0.0,0.008066161026837828
CELO-USDT-SWAP,2025-03-03 07:00:36.048300,rebalance_buy,0.4052,-1324.6234242038217,0.0008582954200788528
ATH-USDT-SWAP,2025-03-03 07:00:36.048300,close,0.0372,-105.30100000000012,0.04027
SOL-USDT-SWAP,2025-03-03 09:10:45.617000,rebalance_buy,158.8,-84.82994962216624,57.811964735516376
AXS-USDT-SWAP,2025-03-03 09:10:45.617000,rebalance_buy,3.68,0.0,3.9485802469135804
XTZ-USDT-SWAP,2025-03-03 09:10:45.617000,rebalance_buy,0.808,5.687499999999996,0.8405
KSM-USDT-SWAP,2025-03-03 09:10:45.617000,rebalance_buy,19.48,0.0,18.628791666666668
DOT-USDT-SWAP,2025-03-03 09:10:45.617000,close,4.84,0.25799999999989254,4.582000000000107
ZK-USDT-SWAP,2025-03-03 09:10:45.617000,rebalance_buy,0.0967,0.0,0.10103075862068965
POL-USDT-SWAP,2025-03-03 09:10:45.617000,rebalance_buy,0.2819,-31.597226950354628,0.21008812056737586
GRT-USDT-SWAP,2025-03-03 09:10:45.617000,rebalance_buy,0.1199,0.0,0.11740128095644749
XRP-USDT-SWAP,2025-03-03 09:10:45.617000,rebalance_buy,2.5683,334.2994765199162,8.04861928721174
MEW-USDT-SWAP,2025-03-03 09:10:45.617000,rebalance_buy,0.00247,-110.42110027855153,1.6197771587743673e-05
CFX-USDT-SWAP,2025-03-03 09:10:45.617000,rebalance_sell,0.1143,0.0,0.003755500894454381
ZETA-USDT-SWAP,2025-03-03 09:10:45.617000,rebalance_buy,0.2932,0.0,0.30599266247379453
BCH-USDT-SWAP,2025-03-03 09:50:39.544900,rebalance_sell,316.5,0.0,-2.47526881720431
LUNC-USDT-SWAP,2025-03-03 09:50:39.544900,rebalance_buy,6.896e-05,-1433.8982254039274,-2.449274173502362e-06
MANA-USDT-SWAP,2025-03-03 12:42:39.902400,rebalance_buy,0.2998,0.0,0.2998399572649573
UNI-USDT-SWAP,2025-03-03 12:42:39.902400,rebalance_sell,7.937,100.76199999999989,7.329999999999927
POL-USDT-SWAP,2025-03-03 13:50:39.741100,rebalance_sell,0.2834,0.0,-0.03107569056535353
ETC-USDT-SWAP,2025-03-03 13:50:39.741100,rebalance_buy,20.18,-1441.0676193771628,-0.8268166089965406
ATOM-USDT-SWAP,2025-03-03 19:08:38.796400,rebalance_buy,4.33,0.0,4.71367701863354
NEAR-USDT-SWAP,2025-03-03 19:08:38.796400,rebalance_buy,3.106,-28.174898128898143,2.5310020790020786
CORE-USDT-SWAP,2025-03-03 19:08:38.796400,rebalance_buy,0.4789,18.400399999999994,0.5374999999999999
BSV-USDT-SWAP,2025-03-03 19:08:38.796400,close,34.73,0.0,34.73
ID-USDT-SWAP,2025-03-03 19:08:38.796400,rebalance_buy,0.2516,0.0,0.2607659130434783
MEW-USDT-SWAP,2025-03-03 19:08:38.796400,rebalance_buy,0.002279,-128.97972701949863,1.6197771587743673e-05
BTC-USDT-SWAP,2025-03-03 19:08:38.796400,rebalance_buy,87261.0,0.0,88915.8125
MINA-USDT-SWAP,2025-03-03 19:08:38.796400,rebalance_buy,0.2997,0.0,0.3078987105093488
RVN-USDT-SWAP,2025-03-03 19:08:38.796400,rebalance_buy,0.01299,24.747999999999994,0.014829999999999998
BLUR-USDT-SWAP,2025-03-03 19:08:38.796400,rebalance_buy,0.124,0.0,0.13590614425645592
APT-USDT-SWAP,2025-03-03 19:08:38.796400,rebalance_buy,5.91,11.02409999999999,6.3183
CELO-USDT-SWAP,2025-03-03 19:08:38.796400,rebalance_buy,0.3812,-142.2477975128905,0.0008582954200788528
SHIB-USDT-SWAP,2025-03-03 19:08:38.796400,rebalance_buy,1.3198e-05,0.0,1.3551436966824645e-05
MEW-USDT-SWAP,2025-03-03 19:12:37.430200,rebalance_sell,0.002251,0.0,-0.0005834210443720821
BCH-USDT-SWAP,2025-03-03 19:12:37.430200,rebalance_buy,332.1,-388.107311827957,-2.4752688172043094
MASK-USDT-SWAP,2025-03-03 19:42:45.198100,rebalance_buy,2.193,-1412.9216447587355,-0.02508735440931778
ZRX-USDT-SWAP,2025-03-03 19:42:45.198100,close,0.2756,2.675338389731622,0.008066161026837828
BTC-USDT-SWAP,2025-03-03 19:42:45.198100,rebalance_sell,86920.2,-31.730238750000048,88915.81249999999
RVN-USDT-SWAP,2025-03-03 19:42:45.198100,rebalance_sell,0.01283,0.0,-0.0009731871235943086
BCH-USDT-SWAP,2025-03-03 19:42:45.198100,rebalance_buy,329.7,-1006.4910645161292,-2.47526881720431
MEW-USDT-SWAP,2025-03-03 19:42:45.198100,close,0.002261,1248.7008384793442,-0.0005834210443720821
BLUR-USDT-SWAP,2025-03-03 19:42:45.198100,rebalance_sell,0.1231,-143.0446313446126,0.13590614425645525
AXS-USDT-SWAP,2025-03-03 19:42:45.198100,rebalance_sell,3.537,-155.70080740740755,3.948580246913536
STX-USDT-SWAP,2025-03-03 19:42:45.198100,close,0.7461,-0.0,0.7461
MANA-USDT-SWAP,2025-03-03 21:20:40.576300,rebalance_buy,0.2719,0.0,0.29719187620889753
ZK-USDT-SWAP,2025-03-03 21:20:40.576300,rebalance_buy,0.0873,0.0,0.09967389683032939
TON-USDT-SWAP,2025-03-03 21:20:40.576300,rebalance_buy,3.094,0.0,3.2568421052631575
1INCH-USDT-SWAP,2025-03-03 21:20:40.576300,rebalance_buy,0.2243,0.0,0.2371507521773555
GMX-USDT-SWAP,2025-03-03 21:20:40.576300,rebalance_buy,15.86,0.0,16.608064516129033
LUNC-USDT-SWAP,2025-03-03 21:20:40.576300,rebalance_buy,6.453e-05,-117.88352254536414,-2.449274173502362e-06
XRP-USDT-SWAP,2025-03-03 21:20:40.576300,rebalance_buy,2.3862,334.08273794549257,8.04861928721174
XTZ-USDT-SWAP,2025-03-03 21:20:40.576300,rebalance_buy,0.7456,15.468699999999998,0.8404999999999999
ETC-USDT-SWAP,2025-03-03 21:20:40.576300,rebalance_buy,18.74,-129.14098961937705,-0.8268166089965406
SOL-USDT-SWAP,2025-03-03 21:20:40.576300,rebalance_sell,142.08,0.0,-52.27891057934508
DOT-USDT-SWAP,2025-03-03 21:20:40.576300,rebalance_buy,4.498,12.653999999999986,4.84
EGLD-USDT-SWAP,2025-03-03 21:20:40.576300,rebalance_buy,22.69,-166.11524961240303,-1.7387131782945724
GRT-USDT-SWAP,2025-03-03 21:20:40.576300,rebalance_buy,0.1095,0.0,0.11674541895066562
ZETA-USDT-SWAP,2025-03-03 21:20:40.576300,rebalance_buy,0.2603,0.0,0.3008118959107806
CFX-USDT-SWAP,2025-03-03 22:02:40.545100,close,0.1027,-0.0,0.1027
KSM-USDT-SWAP,2025-03-03 22:02:40.545100,rebalance_buy,17.95,0.0,18.57338010204082
LUNC-USDT-SWAP,2025-03-03 22:52:40.830200,rebalance_sell,6.446e-05,0.0,-3.609240676743056e-05
YFI-USDT-SWAP,2025-03-03 22:52:40.830200,rebalance_buy,5435.0,2.3319,5444.0
ZK-USDT-SWAP,2025-03-04 01:50:41.146500,close,0.0831,-266.6739999999999,0.09967389683032939
1INCH-USDT-SWAP,2025-03-04 02:10:41.877400,rebalance_sell,0.2155,-136.48634172604918,0.23715075217734755
ENS-USDT-SWAP,2025-03-04 02:10:41.877400,rebalance_buy,19.155,0.0,19.160316772016284
NEAR-USDT-SWAP,2025-03-04 05:22:50.236400,rebalance_buy,2.841,-12.709914760914785,2.5310020790020786
APT-USDT-SWAP,2025-03-04 05:22:50.236400,rebalance_buy,5.4946,17.297699999999992,6.3183
GAS-USDT-SWAP,2025-03-04 05:22:50.236400,close,3.101,0.0,3.101
DOT-USDT-SWAP,2025-03-04 05:22:50.236400,rebalance_sell,4.305,0.0,-0.3267599277978337
BCH-USDT-SWAP,2025-03-04 05:22:50.236400,rebalance_buy,308.4,-115.02384946236562,-2.47526881720431
ID-USDT-SWAP,2025-03-04 05:22:50.236400,rebalance_buy,0.234,0.0,0.25854283056478405
MANA-USDT-SWAP,2025-03-04 08:58:46.769900,close,0.2656,-163.3300000000002,0.29719187620889753
CHZ-USDT-SWAP,2025-03-04 09:24:46.583600,rebalance_buy,0.04605,-1446.419698475499,-0.002309067150635207
CELO-USDT-SWAP,2025-03-04 09:24:46.583600,rebalance_sell,0.352,0.0,-0.19441280010365408
ZETA-USDT-SWAP,2025-03-04 14:02:53.531000,rebalance_buy,0.2329,0.0,0.29440942760942757
UNI-USDT-SWAP,2025-03-04 14:02:53.531000,rebalance_buy,6.69,0.0,6.693091787439614
SHIB-USDT-SWAP,2025-03-04 14:02:53.531000,rebalance_sell,1.257e-05,-103.34531260663513,1.3551436966824894e-05
GMX-USDT-SWAP,2025-03-04 14:02:53.531000,rebalance_buy,14.69,0.0,16.436988457502622
METIS-USDT-SWAP,2025-03-04 14:02:53.531000,rebalance_buy,18.78,0.0,19.518440860215055
MINA-USDT-SWAP,2025-03-04 14:02:53.531000,rebalance_buy,0.2737,0.0,0.30477941406250003
RON-USDT-SWAP,2025-03-04 14:26:52.549300,rebalance_sell,0.868,0.0,0.01984565916398715
NEAR-USDT-SWAP,2025-03-04 14:38:46.633900,rebalance_sell,2.814,0.0,0.4514622076403324
LRC-USDT-SWAP,2025-03-04 14:38:46.633900,rebalance_buy,0.1118,-593.702349514563,-0.0004310679611650498
ZIL-USDT-SWAP,2025-03-04 15:42:52.579600,rebalance_buy,0.01245,93.67,0.0133
NEAR-USDT-SWAP,2025-03-04 15:42:52.579600,rebalance_sell,2.73,0.0,-0.41093870969269625
LRC-USDT-SWAP,2025-03-04 15:42:52.579600,rebalance_buy,0.1099,-834.1028737864077,-0.0004310679611650499
ENS-USDT-SWAP,2025-03-04 16:30:00.000000,close,19.185,0.0,19.185
BICO-USDT-SWAP,2025-03-04 20:00:50.486800,rebalance_buy,0.1352,0.0,0.1352063194005597
GMX-USDT-SWAP,2025-03-04 20:00:50.486800,rebalance_sell,16.03,-2.9710157397691366,16.436988457502622
STORJ-USDT-SWAP,2025-03-04 20:00:50.486800,close,0.3002,-23.35799999999997,0.3053
CELO-USDT-SWAP,2025-03-04 21:56:45.095000,rebalance_buy,0.3713,-2132.737256390776,-0.19441280010365414
ZIL-USDT-SWAP,2025-03-04 21:56:45.095000,rebalance_sell,0.01275,0.0,-5.738539999999999
APT-USDT-SWAP,2025-03-04 22:44:53.245300,rebalance_sell,5.4816,0.0,-0.9257633093525184
ZRX-USDT-SWAP,2025-03-04 23:02:46.381600,rebalance_sell,0.2726,-15.270000000000014,0.27560000000000856
ETH-USDT-SWAP,2025-03-05 01:30:51.388500,close,2179.31,-0.007379999999981919,2182.999999999991
LRC-USDT-SWAP,2025-03-05 01:30:51.388500,rebalance_sell,0.1113,0.0,-0.06336592228730846
ZETA-USDT-SWAP,2025-03-05 02:22:52.719200,rebalance_sell,0.2516,-251.29134006733986,0.29440942760942823
BCH-USDT-SWAP,2025-03-05 02:22:52.719200,rebalance_sell,334.1,0.0,-33.983556815569656
OP-USDT-SWAP,2025-03-05 05:28:47.258200,close,0.94,-0.0,0.94
XRP-USDT-SWAP,2025-03-05 05:28:47.258200,rebalance_sell,2.446,0.0,8.924758102478055
FLOW-USDT-SWAP,2025-03-05 05:28:47.258200,rebalance_sell,0.4387,-7.3599999999999,0.44100000000000816
BICO-USDT-SWAP,2025-03-05 05:28:47.258200,rebalance_sell,0.1343,-0.8048116276970005,0.1352063194005597
UNI-USDT-SWAP,2025-03-05 07:04:54.899700,close,7.332,132.2539999999999,6.693091787439614
AXS-USDT-SWAP,2025-03-05 07:04:54.899700,rebalance_buy,3.418,0.0,3.421082528667617
KSM-USDT-SWAP,2025-03-05 07:54:46.417700,close,17.87,-55.14500000000011,18.57338010204082
ZIL-USDT-SWAP,2025-03-05 07:54:46.417700,close,0.01261,575.1149999999998,-5.738539999999999
ZK-USDT-SWAP,2025-03-05 10:18:48.427200,close,0.08527,0.0,0.08527
POL-USDT-SWAP,2025-03-05 10:18:48.427200,close,0.2538,2.8487569056535356,-0.03107569056535353
BCH-USDT-SWAP,2025-03-05 10:18:48.427200,rebalance_sell,375.9,0.0,-64.3267909509845
ARB-USDT-SWAP,2025-03-05 10:52:48.920000,close,0.3945,-0.07249999999999979,0.409
YFI-USDT-SWAP,2025-03-05 10:52:48.920000,rebalance_sell,5484.0,0.0,3532455.9999998985
FLOW-USDT-SWAP,2025-03-05 12:58:50.321600,rebalance_buy,0.4491,0.0,0.4490740384615385
AVAX-USDT-SWAP,2025-03-05 12:58:50.321600,close,21.091,74.7648000000001,20.029
DOT-USDT-SWAP,2025-03-05 13:20:56.409800,close,4.395,9.443519855595667,-0.3267599277978337
METIS-USDT-SWAP,2025-03-05 13:20:56.409800,rebalance_sell,20.26,4.226887096774199,19.518440860215055
MINA-USDT-SWAP,2025-03-05 13:20:56.409800,rebalance_sell,0.2949,-4.040680351562514,0.30477941406250003
MANA-USDT-SWAP,2025-03-05 13:20:56.409800,rebalance_sell,0.2855,0.0,0.2294888692579505
ZIL-USDT-SWAP,2025-03-05 13:20:56.409800,rebalance_sell,0.01291,33.50999999999999,0.012609999999999672
ETC-USDT-SWAP,2025-03-05 17:20:53.615500,rebalance_sell,20.54,0.0,-2.493452985514667
AXS-USDT-SWAP,2025-03-05 17:20:53.615500,rebalance_sell,3.498,31.70538168320838,3.4210825286677244
ARB-USDT-SWAP,2025-03-05 17:20:53.615500,rebalance_sell,0.4173,0.0,0.32507796610169487
APT-USDT-SWAP,2025-03-05 20:32:49.905600,rebalance_buy,6.524,-1691.0962712230216,-0.9257633093525183
EGLD-USDT-SWAP,2025-03-05 20:32:49.905600,rebalance_sell,21.71,0.0,-11.391243581647933
RVN-USDT-SWAP,2025-03-05 21:58:54.139000,rebalance_buy,0.01313,-1473.5009906731334,-0.0009731871235943086
CHZ-USDT-SWAP,2025-03-05 21:58:54.139000,close,0.04874,1529.940542504537,-0.002309067150635207
DOT-USDT-SWAP,2025-03-05 22:56:50.875600,rebalance_sell,4.522,39.87800000000021,4.394999999999982
ICP-USDT-SWAP,2025-03-05 22:56:50.875600,rebalance_buy,6.341,0.0,6.344366739939885
SHIB-USDT-SWAP,2025-03-06 00:44:49.528200,rebalance_buy,1.3318e-05,0.0,1.3318448486007348e-05
ICP-USDT-SWAP,2025-03-06 00:44:49.528200,rebalance_sell,6.344,-0.08164731281659933,6.344366739939922
ZIL-USDT-SWAP,2025-03-06 01:48:51.832300,rebalance_buy,0.01309,0.0,0.013089554317548746
ENS-USDT-SWAP,2025-03-06 01:48:51.832300,rebalance_sell,21.583,55.83149999999981,20.72800000000011
ETH-USDT-SWAP,2025-03-06 01:48:51.832300,close,2270.78,-0.0,2270.78
IMX-USDT-SWAP,2025-03-06 01:48:51.832300,rebalance_buy,0.655,-1562.6194608193568,-0.0873370360186968
BCH-USDT-SWAP,2025-03-06 02:26:49.700400,close,397.0,1734.5887339757019,-64.3267909509845
BCH-USDT-SWAP,2025-03-06 05:22:57.969500,close,416.3,0.19300000000000014,397.0
ID-USDT-SWAP,2025-03-06 05:22:57.969500,rebalance_sell,0.252,-3.0751303654485045,0.25854283056478405
XRP-USDT-SWAP,2025-03-06 05:22:57.969500,close,2.5398,-3530.8818306703647,8.924758102478055
ZETA-USDT-SWAP,2025-03-06 08:54:48.719600,rebalance_buy,0.2598,0.0,0.2602571056476717
IMX-USDT-SWAP,2025-03-06 09:46:57.621200,close,0.6438,1547.0859682155626,-0.0873370360186968
ATOM-USDT-SWAP,2025-03-06 10:14:55.427600,close,4.405,-99.3939999999997,4.71367701863354
LUNC-USDT-SWAP,2025-03-06 10:26:55.323200,close,6.599e-05,8.166592541394445,-3.609240676743056e-05
MINA-USDT-SWAP,2025-03-06 10:26:55.323200,rebalance_sell,0.3022,-11.039892187500032,0.30477941406249964
BTC-USDT-SWAP,2025-03-06 10:26:55.323200,rebalance_buy,91668.3,0.0,91646.9628875969
ZIL-USDT-SWAP,2025-03-06 10:26:55.323200,rebalance_sell,0.01318,8.248646239554455,0.01308955431754875
NEAR-USDT-SWAP,2025-03-06 10:26:55.323200,rebalance_buy,3.155,-92.7144064520101,-0.41093870969269625
MINA-USDT-SWAP,2025-03-08 12:22:31.848500,close,0.2837,-9.085227460937343,0.30477941406249964
BAT-USDT-SWAP,2025-03-08 12:22:31.848500,rebalance_buy,0.1567,-2145.585798990107,-0.08383652455046041
METIS-USDT-SWAP,2025-03-08 12:22:31.848500,rebalance_buy,19.31,0.0,19.501186743615143
ICP-USDT-SWAP,2025-03-08 12:22:31.848500,rebalance_buy,5.953,0.0,5.953479973225804
AXS-USDT-SWAP,2025-03-08 12:22:31.848500,close,3.456,0.03142572419904797,3.4210825286677244
LUNC-USDT-SWAP,2025-03-08 12:22:31.848500,close,6.33e-05,0.0,6.33e-05
CFX-USDT-SWAP,2025-03-08 12:22:31.848500,close,0.0976,0.0,0.0976
BTC-USDT-SWAP,2025-03-08 12:22:31.848500,rebalance_buy,86258.0,0.0,90420.73181137726
ETHW-USDT-SWAP,2025-03-08 12:22:31.848500,rebalance_sell,1.621,0.0,0.0265907460545195
OP-USDT-SWAP,2025-03-08 12:22:31.848500,rebalance_buy,0.9308,0.09019999999999995,0.0
ZK-USDT-SWAP,2025-03-08 12:22:31.848500,rebalance_sell,0.08137,-56.84000000000005,0.0848700000000008
ZIL-USDT-SWAP,2025-03-08 12:22:31.848500,close,0.01271,-6.262646239554349,0.01308955431754875
NEAR-USDT-SWAP,2025-03-08 12:22:31.848500,rebalance_buy,2.877,-1502.5879903295622,-0.4109387096926963
ATOM-USDT-SWAP,2025-03-08 12:22:31.848500,rebalance_sell,4.147,0.0,0.20967924528301887
MASK-USDT-SWAP,2025-03-08 12:22:31.848500,close,2.187,1417.9479941763727,-0.02508735440931778
CHZ-USDT-SWAP,2025-03-08 12:22:31.848500,close,0.04709,0.0,0.04709
THETA-USDT-SWAP,2025-03-08 12:22:31.848500,close,1.0167,-19.37649999999997,1.031
UNI-USDT-SWAP,2025-03-08 12:22:31.848500,rebalance_sell,7.04,-0.9540000000000006,7.517
ZETA-USDT-SWAP,2025-03-08 12:22:31.848500,rebalance_buy,0.2376,0.0,0.258411552847948
BICO-USDT-SWAP,2025-03-08 12:22:31.848500,rebalance_buy,0.1295,0.0,0.134719182080099
CORE-USDT-SWAP,2025-03-08 12:22:31.848500,close,0.4563,-232.63799999999966,0.5374999999999999
WOO-USDT-SWAP,2025-03-08 12:22:31.848500,rebalance_buy,0.0969,7.380999999999993,0.10299999999999998
GRT-USDT-SWAP,2025-03-08 12:22:31.848500,rebalance_buy,0.1018,0.0,0.11555021613832853
RVN-USDT-SWAP,2025-03-08 12:22:31.848500,rebalance_sell,0.01257,0.0,-0.0074206088290444654
EGLD-USDT-SWAP,2025-03-08 12:22:31.848500,close,20.05,9.43237307449438,-11.391243581647933
BLUR-USDT-SWAP,2025-03-08 12:22:31.848500,close,0.1149,0.0,0.1149
BCH-USDT-SWAP,2025-03-08 12:22:31.848500,rebalance_buy,387.9,9.372,416.3
ARB-USDT-SWAP,2025-03-08 12:22:31.848500,rebalance_buy,0.3888,-23.640874576271194,0.3250779661016949
SHIB-USDT-SWAP,2025-03-08 12:22:31.848500,rebalance_sell,1.2876e-05,-46.01464254476421,1.3318448486006674e-05
SOL-USDT-SWAP,2025-03-08 12:22:31.848500,rebalance_sell,138.12,0.0,-52.386346235691335
ATH-USDT-SWAP,2025-03-08 12:22:31.848500,rebalance_sell,0.03742,0.0,0.03510478371501273
ID-USDT-SWAP,2025-03-08 12:22:31.848500,close,0.2333,-140.09770963455145,0.25854283056478405
ATOM-USDT-SWAP,2025-03-08 14:32:31.546700,close,4.153,-0.0,4.153
AVAX-USDT-SWAP,2025-03-08 14:32:31.546700,close,20.592,0.0,20.592
SOL-USDT-SWAP,2025-03-08 14:32:31.546700,close,137.85,-0.0,137.85
POL-USDT-SWAP,2025-03-08 14:32:31.546700,close,0.2436,-57.732000000000085,0.2538
1INCH-USDT-SWAP,2025-03-08 15:42:24.260600,close,0.2288,-0.09185827395082297,0.23715075217734755
BAT-USDT-SWAP,2025-03-08 15:42:24.260600,rebalance_sell,0.1563,0.0,-0.12369143604770717
FIL-USDT-SWAP,2025-03-08 18:22:31.041600,close,3.113,-0.09060000000000007,3.5660000000000003
ZIL-USDT-SWAP,2025-03-08 18:22:31.041600,rebalance_sell,0.01265,0.0,4.7717745691663336e-05
UNI-USDT-SWAP,2025-03-08 19:02:30.982100,rebalance_sell,7.16,-32.13000000000002,7.5169999999999995
SHIB-USDT-SWAP,2025-03-08 19:02:30.982100,rebalance_buy,1.2751e-05,0.0,1.2752332038699547e-05
SHIB-USDT-SWAP,2025-03-08 19:12:23.480700,rebalance_buy,1.2746e-05,0.0,1.2748402002213721e-05
UNI-USDT-SWAP,2025-03-08 19:12:23.480700,close,7.172,-38.98499999999997,7.5169999999999995
OP-USDT-SWAP,2025-03-08 20:12:22.292200,close,0.9448,1.8896,0.0
FLOW-USDT-SWAP,2025-03-08 20:12:22.292200,rebalance_sell,0.4349,-44.08125961538465,0.4490740384615492
GMX-USDT-SWAP,2025-03-08 20:42:29.399900,rebalance_sell,15.51,-81.48228541448049,16.436988457502164
BTC-USDT-SWAP,2025-03-08 23:22:28.477300,rebalance_sell,86255.0,-42.49046447604808,90420.73181137725
DOT-USDT-SWAP,2025-03-08 23:22:28.477300,rebalance_buy,4.29,0.0,4.290488372093024
MANA-USDT-SWAP,2025-03-08 23:22:28.477300,rebalance_sell,0.2761,0.0,0.10596048064085446
MANA-USDT-SWAP,2025-03-08 23:32:23.866300,rebalance_sell,0.2759,0.0,-0.0037653663177925852
ETH-USDT-SWAP,2025-03-08 23:32:23.866300,rebalance_buy,2196.0,2.6193599999999537,2202.12
BTC-USDT-SWAP,2025-03-08 23:32:23.866300,rebalance_sell,86134.9,-27.42932359281443,90420.73181137742
DOT-USDT-SWAP,2025-03-08 23:32:23.866300,rebalance_buy,4.282,0.0,4.28744776119403
IMX-USDT-SWAP,2025-03-09 00:02:25.950700,rebalance_buy,0.5777,0.0,0.5827482772435898
TON-USDT-SWAP,2025-03-09 02:42:30.725000,rebalance_sell,2.931,-56.044842105263086,3.256842105263158
ENS-USDT-SWAP,2025-03-09 02:42:30.725000,rebalance_buy,19.801,0.0,19.810239202657808
TON-USDT-SWAP,2025-03-09 02:52:26.328400,rebalance_sell,2.931,-92.2133157894737,3.256842105263104
ENS-USDT-SWAP,2025-03-09 02:52:26.328400,rebalance_buy,19.832,0.0,19.822953038674033
ZRX-USDT-SWAP,2025-03-09 03:12:22.557000,rebalance_buy,0.2639,0.0,0.2639350299401198
DOT-USDT-SWAP,2025-03-09 03:12:22.557000,rebalance_sell,4.32,6.6406567164179755,4.287447761194031
ZRX-USDT-SWAP,2025-03-09 03:22:28.140600,rebalance_buy,0.2636,0.0,0.2638053211009174
DOT-USDT-SWAP,2025-03-09 03:22:28.140600,rebalance_sell,4.301,1.7617910447760288,4.2874477611940165
OP-USDT-SWAP,2025-03-09 06:42:27.028200,rebalance_sell,0.9356,-13.938000000000146,0.9447999999999865
FLOKI-USDT-SWAP,2025-03-09 06:42:27.028200,rebalance_buy,6.734e-05,0.0,6.739705607476635e-05
PYTH-USDT-SWAP,2025-03-09 07:02:28.071500,rebalance_buy,0.1649,0.0,0.1672835803876853
METIS-USDT-SWAP,2025-03-09 08:32:28.350400,rebalance_sell,18.99,-38.236768422412844,19.501186743615307
AXS-USDT-SWAP,2025-03-09 08:32:28.350400,close,3.354,-0.020399999999999974,3.456
ICP-USDT-SWAP,2025-03-09 09:02:24.107300,rebalance_buy,5.818,0.0,5.9420034985855645
ATH-USDT-SWAP,2025-03-09 09:02:24.107300,rebalance_buy,0.03519,-0.2897353689567145,0.03510478371501272
PYTH-USDT-SWAP,2025-03-09 09:32:31.853700,rebalance_sell,0.1673,0.049751425313590836,0.1672835803876853
MASK-USDT-SWAP,2025-03-09 09:32:31.853700,rebalance_buy,2.183,0.0,2.183
RON-USDT-SWAP,2025-03-09 09:32:31.853700,close,0.8678,8.47954340836013,0.01984565916398715
RON-USDT-SWAP,2025-03-09 09:42:25.995300,rebalance_buy,0.8644,0.0,0.8656727272727274
PYTH-USDT-SWAP,2025-03-09 09:42:25.995300,rebalance_sell,0.1667,-3.3380798175599202,0.1672835803876808
ZETA-USDT-SWAP,2025-03-09 11:02:23.728100,rebalance_buy,0.2298,0.0,0.25588035701937756
ETC-USDT-SWAP,2025-03-09 11:02:23.728100,rebalance_buy,19.16,-145.07813500294833,-2.493452985514667
ETHW-USDT-SWAP,2025-03-09 11:42:26.489100,close,1.532,0.9032455523672884,0.0265907460545195
KSM-USDT-SWAP,2025-03-09 11:42:26.489100,rebalance_sell,17.09,-11.060000000000045,17.44
KSM-USDT-SWAP,2025-03-09 11:52:31.231300,close,17.12,-16.576000000000015,17.44
ETHW-USDT-SWAP,2025-03-09 11:52:31.231300,rebalance_buy,1.5,0.0,1.5131971295905446
YFI-USDT-SWAP,2025-03-09 12:22:31.422900,rebalance_buy,5217.0,975634.307399972,3532455.9999998985
NEAR-USDT-SWAP,2025-03-09 13:52:29.909000,close,2.738,1527.2352742009577,-0.4109387096926963
GRT-USDT-SWAP,2025-03-09 14:02:28.183500,rebalance_buy,0.0949,0.0,0.11384415069398546
WOO-USDT-SWAP,2025-03-09 16:02:27.087100,rebalance_buy,0.0885,18.70499999999998,0.103
DOT-USDT-SWAP,2025-03-09 17:02:27.537700,close,4.095,-0.19244776119401674,4.2874477611940165
ARB-USDT-SWAP,2025-03-09 17:02:27.537700,rebalance_buy,0.3572,-10.503905084745766,0.3250779661016949
WOO-USDT-SWAP,2025-03-09 17:02:27.537700,rebalance_sell,0.0851,0.0,0.014450527325023969
BICO-USDT-SWAP,2025-03-09 17:02:27.537700,rebalance_buy,0.1138,0.0,0.1328314159552718
EGLD-USDT-SWAP,2025-03-09 17:02:27.537700,rebalance_buy,18.41,0.0,19.918713910761156
WOO-USDT-SWAP,2025-03-09 17:12:26.726600,close,0.0851,439.43972003835086,0.014450527325023969
DOT-USDT-SWAP,2025-03-09 17:12:26.726600,rebalance_buy,4.108,-1.429999999999989,4.095
CELO-USDT-SWAP,2025-03-09 18:02:34.005700,rebalance_buy,0.3381,-176.26173683430952,-0.19441280010365414
SHIB-USDT-SWAP,2025-03-09 18:02:34.005700,rebalance_sell,1.1636e-05,-113.90996502668501,1.2748402002213714e-05
ZK-USDT-SWAP,2025-03-09 18:02:34.005700,rebalance_buy,0.0691,0.0,0.06910888951521983
SHIB-USDT-SWAP,2025-03-09 18:12:26.921400,rebalance_sell,1.1559e-05,-11.537199421473021,1.2748402002213694e-05
ZK-USDT-SWAP,2025-03-09 18:12:26.921400,rebalance_buy,0.0682,0.0,0.06899780801583373
FIL-USDT-SWAP,2025-03-09 18:42:33.575900,rebalance_sell,2.766,0.0,1.3926681971227424
BAT-USDT-SWAP,2025-03-09 18:42:33.575900,rebalance_buy,0.1467,-1224.8732052961134,-0.12369143604770719
BAT-USDT-SWAP,2025-03-09 18:52:31.582400,rebalance_buy,0.1478,-1338.4527797151966,-0.12369143604770717
FIL-USDT-SWAP,2025-03-09 18:52:31.582400,close,2.779,375.69591857973677,1.3926681971227424
FLOKI-USDT-SWAP,2025-03-09 19:02:28.584400,rebalance_buy,5.979e-05,0.0,6.671727659574469e-05
THETA-USDT-SWAP,2025-03-09 19:02:28.584400,rebalance_buy,0.9179,0.0,1.0077943937418514
IMX-USDT-SWAP,2025-03-09 19:02:28.584400,rebalance_buy,0.5183,0.0,0.577571518054532
APT-USDT-SWAP,2025-03-09 22:02:32.769000,rebalance_buy,5.651,-131.53526618705035,-0.9257633093525183
ETHW-USDT-SWAP,2025-03-09 22:02:32.769000,rebalance_buy,1.346,0.0,1.4980644975525483
ENS-USDT-SWAP,2025-03-09 22:02:32.769000,rebalance_buy,17.59,0.0,19.623532075471697
XTZ-USDT-SWAP,2025-03-09 23:02:28.863100,rebalance_buy,0.6742,30.26659999999998,0.8404999999999999
CELO-USDT-SWAP,2025-03-10 01:42:29.283400,rebalance_sell,0.3372,0.0,-0.2787955804693272
MANA-USDT-SWAP,2025-03-10 01:42:29.283400,rebalance_buy,0.2636,-1163.0393434823977,-0.003765366317792585
CELO-USDT-SWAP,2025-03-10 01:52:27.896500,rebalance_sell,0.3371,0.0,-0.28317837282584696
MANA-USDT-SWAP,2025-03-10 01:52:27.896500,rebalance_buy,0.2631,-269.53401998097047,-0.003765366317792585
SHIB-USDT-SWAP,2025-03-10 04:32:28.193400,close,1.2179e-05,-0.1138804004427388,1.2748402002213694e-05
ETC-USDT-SWAP,2025-03-10 04:32:28.193400,rebalance_sell,18.03,0.0,-10.600881884965434
IMX-USDT-SWAP,2025-03-10 06:02:30.498100,close,0.5358,-113.3678999999997,0.577571518054532
ATH-USDT-SWAP,2025-03-10 07:02:36.431900,rebalance_sell,0.03639,0.0,0.02942186500946043
1INCH-USDT-SWAP,2025-03-10 07:42:31.017600,rebalance_sell,0.214,0.0,0.007698690580112683
LRC-USDT-SWAP,2025-03-10 07:42:31.017600,rebalance_buy,0.1052,-2267.2116547642986,-0.06336592228730847
APT-USDT-SWAP,2025-03-10 08:42:28.787600,rebalance_sell,5.4172,0.0,-2.6100520683453237
ZIL-USDT-SWAP,2025-03-10 08:42:28.787600,rebalance_buy,0.01181,-582.2329715882626,4.771774569166334e-05
APT-USDT-SWAP,2025-03-10 08:52:35.338200,rebalance_sell,5.4016,0.0,-3.5807342028535443
ZIL-USDT-SWAP,2025-03-10 08:52:35.338200,rebalance_buy,0.01178,-834.1652682813227,4.7717745691663336e-05
EOS-USDT-SWAP,2025-03-10 10:32:36.547000,close,0.4982,-5.551115123125783e-16,0.49820000000000003
ATH-USDT-SWAP,2025-03-10 14:02:33.636600,rebalance_buy,0.03308,-13.5350994649964,0.029421865009460434
METIS-USDT-SWAP,2025-03-10 14:22:38.393500,rebalance_buy,17.0,0.0,17.003009851677035
FLOKI-USDT-SWAP,2025-03-10 14:22:38.393500,rebalance_sell,6.182e-05,-114.59627234042563,6.671727659574344e-05
RON-USDT-SWAP,2025-03-10 15:02:36.633100,rebalance_buy,0.762,0.0,0.8564673524634543
XTZ-USDT-SWAP,2025-03-10 15:32:31.041400,rebalance_sell,0.6957,0.0,-0.18314143451809162
OP-USDT-SWAP,2025-03-10 15:32:31.041400,close,0.8956,-0.09839999999997318,0.9447999999999865
BICO-USDT-SWAP,2025-03-10 16:32:35.574400,rebalance_sell,0.1152,-125.37699885793769,0.13283141595527176
BICO-USDT-SWAP,2025-03-10 16:42:31.159000,close,0.1144,-94.6268895143652,0.13283141595527176
NEAR-USDT-SWAP,2025-03-10 16:42:31.159000,rebalance_buy,2.427,0.0,2.4459772329246934
ETHW-USDT-SWAP,2025-03-10 17:02:39.026100,rebalance_sell,1.373,-129.65436461272688,1.498064497552548
PYTH-USDT-SWAP,2025-03-10 17:02:39.026100,rebalance_buy,0.1454,0.0,0.14544592566713047
IMX-USDT-SWAP,2025-03-10 17:22:38.083800,rebalance_buy,0.5258,26.690000000000023,0.5358
ARB-USDT-SWAP,2025-03-10 17:22:38.083800,rebalance_sell,0.3352,0.0,-0.03684733781125166
ETH-USDT-SWAP,2025-03-10 18:02:34.342900,rebalance_buy,1926.62,17.907499999999985,2202.1199999999994
EGLD-USDT-SWAP,2025-03-10 18:12:34.307900,rebalance_sell,18.05,-34.75807874015749,19.918713910761152
EGLD-USDT-SWAP,2025-03-10 18:22:36.003900,close,17.99,-111.09392125984246,19.918713910761152
ID-USDT-SWAP,2025-03-10 18:22:36.003900,rebalance_buy,0.1948,0.0,0.19496896551724135
ZRX-USDT-SWAP,2025-03-10 19:02:40.353600,rebalance_buy,0.2283,0.0,0.2609313659359191
THETA-USDT-SWAP,2025-03-10 19:02:40.353600,rebalance_buy,0.8083,0.0,0.9913289473684211
CFX-USDT-SWAP,2025-03-10 19:02:40.353600,rebalance_buy,0.071,0.0,0.08101796090861067
AXS-USDT-SWAP,2025-03-10 21:02:33.528600,rebalance_buy,2.872,0.0,3.3092334524059677
ZETA-USDT-SWAP,2025-03-11 00:02:36.030700,rebalance_buy,0.2005,0.0,0.25137919592636576
BCH-USDT-SWAP,2025-03-11 00:02:36.030700,rebalance_buy,332.9,30.024,416.3
OP-USDT-SWAP,2025-03-11 00:02:36.030700,rebalance_buy,0.8058,12.392399999999999,0.8956000000000001
1INCH-USDT-SWAP,2025-03-11 00:42:38.448100,close,0.1931,3.151822260138084,0.007698690580112683
IMX-USDT-SWAP,2025-03-11 00:52:34.614600,rebalance_sell,0.492,0.0,0.8749842472582253
1INCH-USDT-SWAP,2025-03-11 00:52:34.614600,rebalance_buy,0.1931,0.0,0.1931
APT-USDT-SWAP,2025-03-11 00:52:34.614600,rebalance_buy,5.2338,-643.4609968083087,-3.5807342028535443
IMX-USDT-SWAP,2025-03-11 01:02:39.097300,close,0.492,-0.0,0.492
GAS-USDT-SWAP,2025-03-11 01:02:39.097300,rebalance_buy,2.679,14.429000000000018,2.9859999999999998
ZK-USDT-SWAP,2025-03-11 01:02:39.097300,rebalance_buy,0.06535,0.0,0.06868584615384615
PYTH-USDT-SWAP,2025-03-11 01:02:39.097300,rebalance_buy,0.137,0.0,0.14476178125436387
METIS-USDT-SWAP,2025-03-11 01:02:39.097300,rebalance_buy,15.51,0.0,16.85565204635967
ICP-USDT-SWAP,2025-03-11 01:02:39.097300,rebalance_buy,5.121,0.0,5.8682491888169865
APT-USDT-SWAP,2025-03-11 01:02:39.097300,rebalance_buy,5.2338,-1657.1324301364662,-3.5807342028535447
GRT-USDT-SWAP,2025-03-11 01:02:39.097300,rebalance_buy,0.0849,0.0,0.11117024595080985
ENS-USDT-SWAP,2025-03-11 01:02:39.097300,rebalance_buy,16.52,0.0,19.352730195177955
