symbol,timestamp,action,old_size,new_size,price,old_value,new_value
BAT-USDT-SWAP,2025-03-01 12:20:38.977600,open,0.0,-8110.0,0.1628,0.0,-1320.308
EGLD-USDT-SWAP,2025-03-01 12:20:38.977600,open,0.0,-64.60000000000001,21.41,0.0,-1383.0860000000002
ATOM-USDT-SWAP,2025-03-01 12:20:38.977600,open,0.0,-291.0,4.484,0.0,-1304.844
XRP-USDT-SWAP,2025-03-01 12:20:38.977600,open,0.0,-1.0,2.1618,0.0,-2.1618
OP-USDT-SWAP,2025-03-01 12:20:38.977600,open,0.0,-3.0,1.0413,0.0,-3.1239
GMX-USDT-SWAP,2025-03-01 12:20:38.977600,open,0.0,76.80000000000001,17.13,0.0,1315.584
FLOKI-USDT-SWAP,2025-03-01 12:20:38.977600,open,0.0,17300000.0,7.955e-05,0.0,1376.215
DOT-USDT-SWAP,2025-03-01 12:20:38.977600,open,0.0,292.0,4.582,0.0,1337.944
ZETA-USDT-SWAP,2025-03-01 12:20:38.977600,open,0.0,-4350.0,0.2915,0.0,-1268.0249999999999
ADA-USDT-SWAP,2025-03-01 12:20:38.977600,open,0.0,10.0,0.6348,0.0,6.348000000000001
MINA-USDT-SWAP,2025-03-01 12:20:38.977600,open,0.0,-6.0,0.3119,0.0,-1.8714
ID-USDT-SWAP,2025-03-01 12:20:38.977600,open,0.0,20.0,0.2648,0.0,5.295999999999999
ARB-USDT-SWAP,2025-03-01 12:20:38.977600,open,0.0,5.0,0.409,0.0,2.045
MEW-USDT-SWAP,2025-03-01 12:20:38.977600,open,0.0,-539000.0,0.002381,0.0,-1283.359
ORDI-USDT-SWAP,2025-03-01 12:20:38.977600,open,0.0,-115.9,11.582,0.0,-1342.3538
ETC-USDT-SWAP,2025-03-01 12:20:38.977600,open,0.0,-72.30000000000001,19.13,0.0,-1383.0990000000002
GAS-USDT-SWAP,2025-03-01 12:20:38.977600,open,0.0,410.0,3.324,0.0,1362.84
1INCH-USDT-SWAP,2025-03-01 12:20:38.977600,open,0.0,5675.0,0.2386,0.0,1354.055
IMX-USDT-SWAP,2025-03-01 12:20:38.977600,open,0.0,-1824.0,0.696,0.0,-1269.504
LUNC-USDT-SWAP,2025-03-01 12:20:38.977600,open,0.0,-20140000.0,6.644e-05,0.0,-1338.1016
YFI-USDT-SWAP,2025-03-01 12:20:38.977600,open,0.0,-0.0001,5444.0,0.0,-0.5444
BICO-USDT-SWAP,2025-03-01 12:20:38.977600,open,0.0,8499.0,0.1527,0.0,1297.7973
MKR-USDT-SWAP,2025-03-01 12:20:38.977600,open,0.0,-0.005,1582.6,0.0,-7.912999999999999
PYTH-USDT-SWAP,2025-03-01 12:20:38.977600,open,0.0,6610.0,0.2002,0.0,1323.322
ETH-USDT-SWAP,2025-03-01 12:20:38.977600,open,0.0,0.622,2183.0,0.0,1357.826
FIL-USDT-SWAP,2025-03-01 12:20:38.977600,open,0.0,-407.0,3.185,0.0,-1296.295
BNB-USDT-SWAP,2025-03-01 12:20:38.977600,open,0.0,-0.01,593.7,0.0,-5.937
STRK-USDT-SWAP,2025-03-01 12:20:38.977600,open,0.0,-6575.0,0.2057,0.0,-1352.4775
NEAR-USDT-SWAP,2025-03-01 12:20:38.977600,open,0.0,-440.0,3.09,0.0,-1359.6
UMA-USDT-SWAP,2025-03-01 12:20:38.977600,open,0.0,-903.6,1.462,0.0,-1321.0632
BLUR-USDT-SWAP,2025-03-01 12:20:38.977600,open,0.0,30.0,0.1276,0.0,3.828
EOS-USDT-SWAP,2025-03-01 12:20:38.977600,open,0.0,2490.0,0.5501,0.0,1369.749
LINK-USDT-SWAP,2025-03-01 12:20:38.977600,open,0.0,95.0,14.474,0.0,1375.03
AXS-USDT-SWAP,2025-03-01 12:20:38.977600,open,0.0,0.5,3.641,0.0,1.8205
GRT-USDT-SWAP,2025-03-01 12:20:38.977600,open,0.0,11340.0,0.1171,0.0,1327.914
AAVE-USDT-SWAP,2025-03-01 12:20:38.977600,open,0.0,7.25,186.97,0.0,1355.5325
UNI-USDT-SWAP,2025-03-01 12:20:38.977600,open,0.0,183.0,7.33,0.0,1341.39
BCH-USDT-SWAP,2025-03-01 12:20:38.977600,open,0.0,-4.19,310.8,0.0,-1302.2520000000002
TON-USDT-SWAP,2025-03-01 12:20:38.977600,open,0.0,408.0,3.276,0.0,1336.608
METIS-USDT-SWAP,2025-03-01 12:20:38.977600,open,0.0,61.7,22.21,0.0,1370.3570000000002
ATH-USDT-SWAP,2025-03-01 12:20:38.977600,open,0.0,-34300.0,0.04027,0.0,-1381.261
SHIB-USDT-SWAP,2025-03-01 12:20:38.977600,open,0.0,96600000.0,1.3584e-05,0.0,1312.2144
ZIL-USDT-SWAP,2025-03-01 12:20:38.977600,open,0.0,-300.0,0.0133,0.0,-3.9899999999999998
MASK-USDT-SWAP,2025-03-01 12:20:38.977600,open,0.0,-603.0,2.195,0.0,-1323.5849999999998
POL-USDT-SWAP,2025-03-01 13:50:38.730200,open,0.0,-5090.0,0.2658,0.0,-1352.9219999999998
AAVE-USDT-SWAP,2025-03-01 13:50:38.730200,rebalance,7.25,0.010000000000000002,183.89,1333.2024999999999,1.8389000000000002
AVAX-USDT-SWAP,2025-03-01 13:50:38.730200,open,0.0,63.7,21.084,0.0,1343.0508
ORDI-USDT-SWAP,2025-03-01 13:50:38.730200,open,0.0,0.6000000000000001,11.141,0.0,6.684600000000001
ORDI-USDT-SWAP,2025-03-01 13:50:38.730200,close,-115.9,0.0,11.141,-1291.2419,0.0
CRO-USDT-SWAP,2025-03-01 13:50:38.730200,open,0.0,18970.0,0.07156,0.0,1357.4932
CHZ-USDT-SWAP,2025-03-01 13:50:38.730200,open,0.0,-27580.0,0.049,0.0,-1351.42
APT-USDT-SWAP,2025-03-01 13:50:38.730200,open,0.0,-209.0,6.3183,0.0,-1320.5247
UMA-USDT-SWAP,2025-03-01 13:50:38.730200,open,0.0,1.3,1.448,0.0,1.8824
UMA-USDT-SWAP,2025-03-01 13:50:38.730200,close,-903.6,0.0,1.448,-1308.4128,0.0
STRK-USDT-SWAP,2025-03-01 13:50:38.730200,open,0.0,14.0,0.2024,0.0,2.8336
STRK-USDT-SWAP,2025-03-01 13:50:38.730200,close,-6575.0,0.0,0.2024,-1330.78,0.0
BNB-USDT-SWAP,2025-03-01 13:50:38.730200,rebalance,-0.01,-2.29,593.8,-5.938,-1359.802
BAT-USDT-SWAP,2025-03-01 13:50:38.730200,rebalance,-8110.0,-20.0,0.1618,-1312.198,-3.2359999999999998
LINK-USDT-SWAP,2025-03-01 13:50:38.730200,rebalance,95.0,1.0,14.243,1353.085,14.243
ZK-USDT-SWAP,2025-03-01 18:20:35.718400,open,0.0,14920.0,0.0931,0.0,1389.0520000000001
FLOKI-USDT-SWAP,2025-03-01 18:20:35.718400,rebalance,17300000.0,100000.0,7.915e-05,1369.295,7.915
ZETA-USDT-SWAP,2025-03-01 18:20:35.718400,rebalance,-4350.0,-4770.0,0.2872,-1249.32,-1369.944
ID-USDT-SWAP,2025-03-01 18:52:41.515300,rebalance,20.0,5250.0,0.262,5.24,1375.5
GMX-USDT-SWAP,2025-03-01 18:52:41.515300,close,76.80000000000001,0.0,17.27,1326.3360000000002,0.0
STX-USDT-SWAP,2025-03-01 19:40:41.597300,open,0.0,1725.0,0.7979,0.0,1376.3775
GAS-USDT-SWAP,2025-03-01 19:40:41.597300,rebalance,410.0,1.0,3.37,1381.7,3.37
LRC-USDT-SWAP,2025-03-01 20:04:42.400100,open,0.0,-11360.0,0.1197,0.0,-1359.792
MEW-USDT-SWAP,2025-03-01 20:04:42.400100,rebalance,-539000.0,-1000.0,0.002353,-1268.267,-2.353
ZK-USDT-SWAP,2025-03-01 20:24:43.279500,rebalance,14920.0,10.0,0.0937,1398.0040000000001,0.937
MINA-USDT-SWAP,2025-03-01 20:24:43.279500,close,-6.0,0.0,0.309,-1.854,0.0
MINA-USDT-SWAP,2025-03-01 20:24:43.279500,open,0.0,4434.0,0.309,0.0,1370.106
IMX-USDT-SWAP,2025-03-01 22:12:41.050800,rebalance,-1824.0,-1987.0,0.6971,-1271.5104000000001,-1385.1377
BTC-USDT-SWAP,2025-03-01 22:12:41.050800,open,0.0,-0.016,85829.6,0.0,-1373.2736000000002
ATOM-USDT-SWAP,2025-03-01 22:12:41.050800,close,-291.0,0.0,4.526,-1317.066,0.0
FLOW-USDT-SWAP,2025-03-02 01:46:41.199800,open,0.0,2910.0,0.4729,0.0,1376.139
EOS-USDT-SWAP,2025-03-02 01:46:41.199800,rebalance,2490.0,10.0,0.5627,1401.123,5.627
BAT-USDT-SWAP,2025-03-02 03:58:34.873500,rebalance,-20.0,-8290.0,0.1682,-3.364,-1394.378
ZETA-USDT-SWAP,2025-03-02 03:58:34.873500,close,-4770.0,0.0,0.289,-1378.53,0.0
ICP-USDT-SWAP,2025-03-02 08:42:42.326400,open,0.0,-205.0,6.648,0.0,-1362.84
BTC-USDT-SWAP,2025-03-02 08:42:42.326400,close,-0.016,0.0,85877.2,-1374.0352,0.0
ZRX-USDT-SWAP,2025-03-02 09:48:38.032400,open,0.0,4810.0,0.2928,0.0,1408.368
LRC-USDT-SWAP,2025-03-02 09:48:38.032400,rebalance,-11360.0,-60.0,0.1212,-1376.832,-7.272
XRP-USDT-SWAP,2025-03-02 09:48:38.032400,rebalance,-1.0,-612.0,2.2639,-2.2639,-1385.5068
FLOW-USDT-SWAP,2025-03-02 09:48:38.032400,close,2910.0,0.0,0.4779,1390.689,0.0
EOS-USDT-SWAP,2025-03-02 13:48:39.080800,open,0.0,-2450.0,0.5611,0.0,-1374.6950000000002
BAT-USDT-SWAP,2025-03-02 13:48:39.080800,rebalance,-8290.0,-10.0,0.1648,-1366.192,-1.6480000000000001
EOS-USDT-SWAP,2025-03-02 13:48:39.080800,close,10.0,0.0,0.5611,5.611000000000001,0.0
BICO-USDT-SWAP,2025-03-02 15:18:34.375800,rebalance,8499.0,4.0,0.1521,1292.6979000000001,0.6084
KSM-USDT-SWAP,2025-03-02 15:18:34.375800,open,0.0,73.60000000000001,18.55,0.0,1365.2800000000002
ENS-USDT-SWAP,2025-03-02 15:38:40.419800,open,0.0,66.2,22.164,0.0,1467.2568
METIS-USDT-SWAP,2025-03-02 15:38:40.419800,close,61.7,0.0,22.85,1409.8450000000003,0.0
ADA-USDT-SWAP,2025-03-02 16:16:42.029300,open,0.0,-1620.0,0.9841,0.0,-1594.242
ADA-USDT-SWAP,2025-03-02 16:16:42.029300,close,10.0,0.0,0.9841,9.841,0.0
XRP-USDT-SWAP,2025-03-02 16:16:42.029300,rebalance,-612.0,-538.0,2.7319,-1671.9228,-1469.7622
ZRX-USDT-SWAP,2025-03-02 16:16:42.029300,rebalance,4810.0,20.0,0.2999,1442.519,5.998
BNB-USDT-SWAP,2025-03-02 16:16:42.029300,rebalance,-2.29,-0.01,617.9,-1414.991,-6.179
BTC-USDT-SWAP,2025-03-02 16:16:42.029300,open,0.0,0.015700000000000002,89087.0,0.0,1398.6659000000002
SOL-USDT-SWAP,2025-03-02 16:30:00.000000,open,0.0,-8.01,170.65,0.0,-1366.9065
ENS-USDT-SWAP,2025-03-02 16:30:00.000000,rebalance,66.2,0.1,22.579,1494.7298,2.2579000000000002
ATOM-USDT-SWAP,2025-03-02 16:30:00.000000,open,0.0,293.0,4.689,0.0,1373.877
XRP-USDT-SWAP,2025-03-02 16:30:00.000000,rebalance,-538.0,-2.0,2.7958,-1504.1404,-5.5916
ATOM-USDT-SWAP,2025-03-02 16:30:40.624600,rebalance,293.0,82.0,4.776,1399.368,391.632
SOL-USDT-SWAP,2025-03-02 16:30:40.624600,rebalance,-8.01,-4.11,173.94,-1393.2594,-714.8934
ENS-USDT-SWAP,2025-03-02 16:30:40.624600,rebalance,0.1,52.0,22.974,2.2974,1194.648
XRP-USDT-SWAP,2025-03-02 16:30:40.624600,rebalance,-2.0,-282.0,2.9278,-5.8556,-825.6396
SOL-USDT-SWAP,2025-03-02 16:32:41.481100,rebalance,-4.11,-8.01,173.94,-714.8934,-1393.2594
ENS-USDT-SWAP,2025-03-02 16:32:41.481100,rebalance,52.0,0.1,22.974,1194.648,2.2974
ATOM-USDT-SWAP,2025-03-02 16:32:41.481100,rebalance,82.0,293.0,4.776,391.632,1399.368
XRP-USDT-SWAP,2025-03-02 16:32:41.481100,rebalance,-282.0,-2.0,2.9278,-825.6396,-5.8556
ADA-USDT-SWAP,2025-03-02 16:42:44.476000,rebalance,-1620.0,-880.0000000000001,1.0182,-1649.484,-896.0160000000001
CRO-USDT-SWAP,2025-03-02 16:42:44.476000,open,0.0,-50.0,0.07878,0.0,-3.939
AVAX-USDT-SWAP,2025-03-02 16:42:44.476000,open,0.0,-0.2,24.189,0.0,-4.8378000000000005
AVAX-USDT-SWAP,2025-03-02 16:42:44.476000,close,63.7,0.0,24.189,1540.8393,0.0
CRO-USDT-SWAP,2025-03-02 16:42:44.476000,close,18970.0,0.0,0.07878,1494.4566,0.0
BSV-USDT-SWAP,2025-03-02 16:42:44.476000,open,0.0,25.1,36.46,0.0,915.1460000000001
XRP-USDT-SWAP,2025-03-02 16:42:44.476000,rebalance,-2.0,-479.0,2.83,-5.66,-1355.57
MASK-USDT-SWAP,2025-03-02 16:42:44.476000,rebalance,-603.0,-4.0,2.26,-1362.78,-9.04
BLUR-USDT-SWAP,2025-03-02 16:42:44.476000,rebalance,30.0,10000.0,0.1374,4.122,1374.0
STX-USDT-SWAP,2025-03-02 16:42:44.476000,rebalance,1725.0,486.0,0.8755,1510.2375,425.493
ZETA-USDT-SWAP,2025-03-02 16:42:44.476000,open,0.0,4390.0,0.3071,0.0,1348.1689999999999
ADA-USDT-SWAP,2025-03-02 17:00:42.471900,rebalance,-880.0000000000001,-1230.0,1.0293,-905.7840000000002,-1266.0390000000002
PYTH-USDT-SWAP,2025-03-02 17:00:42.471900,open,0.0,-10.0,0.2198,0.0,-2.198
PYTH-USDT-SWAP,2025-03-02 17:00:42.471900,close,6610.0,0.0,0.2198,1452.878,0.0
BSV-USDT-SWAP,2025-03-02 17:00:42.471900,rebalance,25.1,36.8,36.7,921.1700000000001,1350.56
BNB-USDT-SWAP,2025-03-02 17:00:42.471900,open,0.0,2.19,623.7,0.0,1365.903
STX-USDT-SWAP,2025-03-02 17:00:42.471900,open,0.0,-14.0,0.8607,0.0,-12.049800000000001
STX-USDT-SWAP,2025-03-02 17:00:42.471900,close,486.0,0.0,0.8607,418.3002,0.0
BNB-USDT-SWAP,2025-03-02 17:00:42.471900,close,-0.01,0.0,623.7,-6.237000000000001,0.0
POL-USDT-SWAP,2025-03-02 17:58:44.511700,rebalance,-5090.0,-4540.0,0.3055,-1554.995,-1386.97
ETC-USDT-SWAP,2025-03-02 17:58:44.511700,rebalance,-72.30000000000001,-65.9,21.03,-1520.4690000000003,-1385.8770000000002
MEW-USDT-SWAP,2025-03-02 17:58:44.511700,rebalance,-1000.0,-506000.0,0.002748,-2.748,-1390.488
EGLD-USDT-SWAP,2025-03-02 17:58:44.511700,rebalance,-64.60000000000001,-57.900000000000006,23.92,-1545.2320000000004,-1384.9680000000003
ETH-USDT-SWAP,2025-03-02 17:58:44.511700,rebalance,0.622,0.558,2475.15,1539.5433,1381.1337
UNI-USDT-SWAP,2025-03-02 17:58:44.511700,rebalance,183.0,167.0,8.212,1502.796,1371.404
CHZ-USDT-SWAP,2025-03-02 17:58:44.511700,rebalance,-27580.0,-60.0,0.05373,-1481.8734,-3.2237999999999998
EOS-USDT-SWAP,2025-03-02 17:58:44.511700,rebalance,-2450.0,-2190.0,0.6283,-1539.335,-1375.9769999999999
NEAR-USDT-SWAP,2025-03-02 17:58:44.511700,rebalance,-440.0,-399.0,3.468,-1525.92,-1383.732
KSM-USDT-SWAP,2025-03-02 17:58:44.511700,rebalance,73.60000000000001,65.9,20.8,1530.8800000000003,1370.7200000000003
ICP-USDT-SWAP,2025-03-02 18:42:43.910800,close,-205.0,0.0,7.049,-1445.045,0.0
ICP-USDT-SWAP,2025-03-02 18:42:43.910800,open,0.0,1.06,7.049,0.0,7.471940000000001
CRO-USDT-SWAP,2025-03-02 18:42:43.910800,rebalance,-50.0,-16930.0,0.0801,-4.005,-1356.093
ADA-USDT-SWAP,2025-03-02 18:42:43.910800,rebalance,-1230.0,-1340.0,1.0094,-1241.5620000000001,-1352.596
CELO-USDT-SWAP,2025-03-02 19:44:44.319200,open,0.0,-3299.0,0.4264,0.0,-1406.6936
IMX-USDT-SWAP,2025-03-02 19:44:44.319200,rebalance,-1987.0,-11.0,0.7458,-1481.9046,-8.203800000000001
LUNC-USDT-SWAP,2025-03-02 21:02:35.145100,rebalance,-20140000.0,-50000.0,7.151e-05,-1440.2114,-3.5755
RVN-USDT-SWAP,2025-03-02 21:02:35.145100,open,0.0,-93880.0,0.01483,0.0,-1392.2404
MINA-USDT-SWAP,2025-03-02 21:02:35.145100,rebalance,4434.0,4102.0,0.3392,1504.0128,1391.3984
ID-USDT-SWAP,2025-03-02 21:02:35.145100,rebalance,5250.0,4860.0,0.2855,1498.8749999999998,1387.53
ZRX-USDT-SWAP,2025-03-02 21:42:39.813500,open,0.0,-4290.0,0.3215,0.0,-1379.2350000000001
EGLD-USDT-SWAP,2025-03-02 21:42:39.813500,rebalance,-57.900000000000006,-0.2,25.08,-1452.132,-5.016
ZRX-USDT-SWAP,2025-03-02 21:42:39.813500,close,20.0,0.0,0.3215,6.43,0.0
MANA-USDT-SWAP,2025-03-02 22:42:41.747500,open,0.0,4310.0,0.3185,0.0,1372.7350000000001
ETH-USDT-SWAP,2025-03-02 22:42:41.747500,rebalance,0.558,0.002,2529.58,1411.50564,5.05916
CELO-USDT-SWAP,2025-03-02 23:00:44.897900,rebalance,-3299.0,-4.0,0.4252,-1402.7348000000002,-1.7008
EGLD-USDT-SWAP,2025-03-02 23:00:44.897900,rebalance,-0.2,-55.800000000000004,25.23,-5.046,-1407.834
FIL-USDT-SWAP,2025-03-02 23:26:37.515500,close,-407.0,0.0,3.566,-1451.3619999999999,0.0
FIL-USDT-SWAP,2025-03-02 23:26:37.515500,open,0.0,0.2,3.566,0.0,0.7132000000000001
DOT-USDT-SWAP,2025-03-02 23:26:37.515500,rebalance,292.0,269.0,5.152,1504.384,1385.8880000000001
CORE-USDT-SWAP,2025-03-02 23:26:37.515500,open,0.0,-2551.0,0.5375,0.0,-1371.1625
AXS-USDT-SWAP,2025-03-03 00:30:00.000000,rebalance,0.5,346.0,3.976,1.988,1375.696
BTC-USDT-SWAP,2025-03-03 00:30:00.000000,rebalance,0.015700000000000002,0.014499999999999999,93737.0,1471.6709000000003,1359.1864999999998
DOT-USDT-SWAP,2025-03-03 00:30:00.000000,rebalance,269.0,1.0,5.205,1400.145,5.205
ADA-USDT-SWAP,2025-03-03 00:30:00.000000,rebalance,-1340.0,-1200.0,1.1219,-1503.3459999999998,-1346.28
ETC-USDT-SWAP,2025-03-03 01:02:39.990400,rebalance,-65.9,-0.1,20.79,-1370.0610000000001,-2.079
CRO-USDT-SWAP,2025-03-03 01:02:39.990400,rebalance,-16930.0,-15080.0,0.09271,-1569.5803,-1398.0668
GRT-USDT-SWAP,2025-03-03 01:02:39.990400,rebalance,11340.0,10450.0,0.1285,1457.19,1342.825
CFX-USDT-SWAP,2025-03-03 01:02:39.990400,open,0.0,-11190.0,0.1216,0.0,-1360.704
MANA-USDT-SWAP,2025-03-03 01:28:39.947900,rebalance,4310.0,10.0,0.3149,1357.219,3.149
ZK-USDT-SWAP,2025-03-03 01:28:39.947900,rebalance,10.0,13100.0,0.1015,1.0150000000000001,1329.65
XTZ-USDT-SWAP,2025-03-03 02:24:35.520900,open,0.0,-1562.0,0.8405,0.0,-1312.861
CRO-USDT-SWAP,2025-03-03 02:24:35.520900,rebalance,-15080.0,-390.0,0.09239,-1393.2412,-36.0321
ZRX-USDT-SWAP,2025-03-03 06:26:36.700500,rebalance,-4290.0,-10.0,0.3061,-1313.1689999999999,-3.061
CRO-USDT-SWAP,2025-03-03 06:26:36.700500,rebalance,-390.0,-15280.0,0.0918,-35.802,-1402.7040000000002
ATH-USDT-SWAP,2025-03-03 07:00:36.048300,close,-34300.0,0.0,0.0372,-1275.9599999999998,0.0
CELO-USDT-SWAP,2025-03-03 07:00:36.048300,rebalance,-4.0,-3280.0,0.4052,-1.6208,-1329.056
DOT-USDT-SWAP,2025-03-03 09:10:45.617000,close,1.0,0.0,4.84,4.84,0.0
CFX-USDT-SWAP,2025-03-03 09:10:45.617000,rebalance,-11190.0,-20.0,0.1143,-1279.017,-2.286
XTZ-USDT-SWAP,2025-03-03 09:10:45.617000,rebalance,-1562.0,-1737.0,0.808,-1262.096,-1403.496
MEW-USDT-SWAP,2025-03-03 09:10:45.617000,rebalance,-506000.0,-551000.0,0.00247,-1249.82,-1360.97
DOT-USDT-SWAP,2025-03-03 09:10:45.617000,open,0.0,-278.0,4.84,0.0,-1345.52
XRP-USDT-SWAP,2025-03-03 09:10:45.617000,rebalance,-479.0,-540.0,2.5683,-1230.2157,-1386.8819999999998
ADA-USDT-SWAP,2025-03-03 09:10:45.617000,rebalance,-1200.0,-1480.0,0.9493,-1139.16,-1404.964
ZETA-USDT-SWAP,2025-03-03 09:10:45.617000,rebalance,4390.0,4770.0,0.2932,1287.1480000000001,1398.564
KSM-USDT-SWAP,2025-03-03 09:10:45.617000,rebalance,65.9,72.0,19.48,1283.7320000000002,1402.56
ZK-USDT-SWAP,2025-03-03 09:10:45.617000,rebalance,13100.0,14500.0,0.0967,1266.77,1402.1499999999999
POL-USDT-SWAP,2025-03-03 09:10:45.617000,rebalance,-4540.0,-4980.0,0.2819,-1279.826,-1403.8619999999999
GRT-USDT-SWAP,2025-03-03 09:10:45.617000,rebalance,10450.0,11710.0,0.1199,1252.9550000000002,1404.029
AXS-USDT-SWAP,2025-03-03 09:10:45.617000,rebalance,346.0,380.70000000000005,3.68,1273.28,1400.9760000000003
SOL-USDT-SWAP,2025-03-03 09:10:45.617000,rebalance,-8.01,-8.85,158.8,-1271.988,-1405.38
BCH-USDT-SWAP,2025-03-03 09:50:39.544900,rebalance,-4.19,-0.010000000000000002,316.5,-1326.1350000000002,-3.1650000000000005
LUNC-USDT-SWAP,2025-03-03 09:50:39.544900,rebalance,-50000.0,-20130000.0,6.896e-05,-3.4480000000000004,-1388.1648
UNI-USDT-SWAP,2025-03-03 12:42:39.902400,rebalance,167.0,1.0,7.937,1325.479,7.937
MANA-USDT-SWAP,2025-03-03 12:42:39.902400,rebalance,10.0,4680.0,0.2998,2.998,1403.064
POL-USDT-SWAP,2025-03-03 13:50:39.741100,rebalance,-4980.0,-10.0,0.2834,-1411.3319999999999,-2.8339999999999996
ETC-USDT-SWAP,2025-03-03 13:50:39.741100,rebalance,-0.1,-68.7,20.18,-2.0180000000000002,-1386.366
ATOM-USDT-SWAP,2025-03-03 19:08:38.796400,rebalance,293.0,322.0,4.33,1268.69,1394.26
MEW-USDT-SWAP,2025-03-03 19:08:38.796400,rebalance,-551000.0,-608000.0,0.002279,-1255.729,-1385.632
ID-USDT-SWAP,2025-03-03 19:08:38.796400,rebalance,4860.0,5520.0,0.2516,1222.7759999999998,1388.8319999999999
MINA-USDT-SWAP,2025-03-03 19:08:38.796400,rebalance,4102.0,4653.0,0.2997,1229.3694,1394.5041
CORE-USDT-SWAP,2025-03-03 19:08:38.796400,rebalance,-2551.0,-2865.0,0.4789,-1221.6739,-1372.0484999999999
CRO-USDT-SWAP,2025-03-03 19:08:38.796400,rebalance,-15280.0,-17070.0,0.07742,-1182.9776,-1321.5594
GMX-USDT-SWAP,2025-03-03 19:08:38.796400,open,0.0,77.30000000000001,16.7,0.0,1290.91
RVN-USDT-SWAP,2025-03-03 19:08:38.796400,rebalance,-93880.0,-107330.0,0.01299,-1219.5012,-1394.2167
CELO-USDT-SWAP,2025-03-03 19:08:38.796400,rebalance,-3280.0,-3654.0,0.3812,-1250.336,-1392.9048
BLUR-USDT-SWAP,2025-03-03 19:08:38.796400,rebalance,10000.0,11230.0,0.124,1240.0,1392.52
BSV-USDT-SWAP,2025-03-03 19:08:38.796400,open,0.0,-0.4,34.73,0.0,-13.892
BSV-USDT-SWAP,2025-03-03 19:08:38.796400,close,36.8,0.0,34.73,1278.0639999999999,0.0
SHIB-USDT-SWAP,2025-03-03 19:08:38.796400,rebalance,96600000.0,105500000.0,1.3198e-05,1274.9268,1392.389
EOS-USDT-SWAP,2025-03-03 19:08:38.796400,rebalance,-2190.0,-2430.0,0.5699,-1248.081,-1384.857
APT-USDT-SWAP,2025-03-03 19:08:38.796400,rebalance,-209.0,-236.0,5.91,-1235.19,-1394.76
NEAR-USDT-SWAP,2025-03-03 19:08:38.796400,rebalance,-399.0,-448.0,3.106,-1239.2939999999999,-1391.4879999999998
BNB-USDT-SWAP,2025-03-03 19:08:38.796400,rebalance,2.19,2.4,580.7,1271.7330000000002,1393.68
BTC-USDT-SWAP,2025-03-03 19:08:38.796400,rebalance,0.014499999999999999,0.016,87261.0,1265.2845,1396.176
BCH-USDT-SWAP,2025-03-03 19:12:37.430200,rebalance,-0.010000000000000002,-1.17,332.1,-3.321000000000001,-388.557
MEW-USDT-SWAP,2025-03-03 19:12:37.430200,rebalance,-608000.0,-439000.0,0.002251,-1368.608,-988.189
RVN-USDT-SWAP,2025-03-03 19:42:45.198100,rebalance,-107330.0,-130.0,0.01283,-1377.0439,-1.6679
STORJ-USDT-SWAP,2025-03-03 19:42:45.198100,open,0.0,4580.0,0.3053,0.0,1398.2740000000001
MEW-USDT-SWAP,2025-03-03 19:42:45.198100,open,0.0,5000.0,0.002261,0.0,11.305
MASK-USDT-SWAP,2025-03-03 19:42:45.198100,rebalance,-4.0,-641.0,2.193,-8.772,-1405.713
MEW-USDT-SWAP,2025-03-03 19:42:45.198100,close,-439000.0,0.0,0.002261,-992.579,0.0
BCH-USDT-SWAP,2025-03-03 19:42:45.198100,rebalance,-1.17,-4.2,329.7,-385.74899999999997,-1384.74
BTC-USDT-SWAP,2025-03-03 19:42:45.198100,rebalance,0.016,0.0001,86920.2,1390.7232,8.69202
BLUR-USDT-SWAP,2025-03-03 19:42:45.198100,rebalance,11230.0,60.0,0.1231,1382.413,7.386
ZRX-USDT-SWAP,2025-03-03 19:42:45.198100,open,0.0,5100.0,0.2756,0.0,1405.5600000000002
ZRX-USDT-SWAP,2025-03-03 19:42:45.198100,close,-10.0,0.0,0.2756,-2.7560000000000002,0.0
STX-USDT-SWAP,2025-03-03 19:42:45.198100,open,0.0,1887.0,0.7461,0.0,1407.8907
STX-USDT-SWAP,2025-03-03 19:42:45.198100,close,-14.0,0.0,0.7461,-10.4454,0.0
AXS-USDT-SWAP,2025-03-03 19:42:45.198100,rebalance,380.70000000000005,2.4000000000000004,3.537,1346.5359,8.488800000000001
ETC-USDT-SWAP,2025-03-03 21:20:40.576300,rebalance,-68.7,-75.3,18.74,-1287.4379999999999,-1411.1219999999998
ZETA-USDT-SWAP,2025-03-03 21:20:40.576300,rebalance,4770.0,5380.0,0.2603,1241.6309999999999,1400.4139999999998
DOT-USDT-SWAP,2025-03-03 21:20:40.576300,rebalance,-278.0,-315.0,4.498,-1250.444,-1416.8700000000001
GMX-USDT-SWAP,2025-03-03 21:20:40.576300,rebalance,77.30000000000001,86.80000000000001,15.86,1225.978,1376.6480000000001
EGLD-USDT-SWAP,2025-03-03 21:20:40.576300,rebalance,-55.800000000000004,-62.6,22.69,-1266.102,-1420.394
TON-USDT-SWAP,2025-03-03 21:20:40.576300,rebalance,408.0,456.0,3.094,1262.3519999999999,1410.864
ZK-USDT-SWAP,2025-03-03 21:20:40.576300,rebalance,14500.0,16090.0,0.0873,1265.8500000000001,1404.6570000000002
BSV-USDT-SWAP,2025-03-03 21:20:40.576300,rebalance,-0.4,-40.8,34.3,-13.719999999999999,-1399.4399999999998
XRP-USDT-SWAP,2025-03-03 21:20:40.576300,rebalance,-540.0,-599.0,2.3862,-1288.548,-1429.3338
SOL-USDT-SWAP,2025-03-03 21:20:40.576300,rebalance,-8.85,-0.06,142.08,-1257.4080000000001,-8.5248
XTZ-USDT-SWAP,2025-03-03 21:20:40.576300,rebalance,-1737.0,-1900.0,0.7456,-1295.1072000000001,-1416.64
LUNC-USDT-SWAP,2025-03-03 21:20:40.576300,rebalance,-20130000.0,-21890000.0,6.453e-05,-1298.9888999999998,-1412.5617
1INCH-USDT-SWAP,2025-03-03 21:20:40.576300,rebalance,5675.0,6315.0,0.2243,1272.9025,1416.4545
ADA-USDT-SWAP,2025-03-03 21:20:40.576300,rebalance,-1480.0,-1689.9999999999998,0.8586,-1270.728,-1451.0339999999999
CRO-USDT-SWAP,2025-03-03 21:20:40.576300,rebalance,-17070.0,-18650.0,0.07693,-1313.1951,-1434.7445
MANA-USDT-SWAP,2025-03-03 21:20:40.576300,rebalance,4680.0,5170.0,0.2719,1272.492,1405.723
GRT-USDT-SWAP,2025-03-03 21:20:40.576300,rebalance,11710.0,12770.0,0.1095,1282.245,1398.315
CFX-USDT-SWAP,2025-03-03 22:02:40.545100,open,0.0,13560.0,0.1027,0.0,1392.612
CFX-USDT-SWAP,2025-03-03 22:02:40.545100,close,-20.0,0.0,0.1027,-2.054,0.0
BNB-USDT-SWAP,2025-03-03 22:02:40.545100,rebalance,2.4,0.01,573.1,1375.44,5.731000000000001
KSM-USDT-SWAP,2025-03-03 22:02:40.545100,rebalance,72.0,78.4,17.95,1292.3999999999999,1407.28
LUNC-USDT-SWAP,2025-03-03 22:52:40.830200,rebalance,-21890000.0,-80000.0,6.446e-05,-1411.0294000000001,-5.1568000000000005
YFI-USDT-SWAP,2025-03-03 22:52:40.830200,rebalance,-0.0001,-0.2592,5435.0,-0.5435,-1408.752
METIS-USDT-SWAP,2025-03-04 01:50:41.146500,open,0.0,67.0,19.6,0.0,1313.2
ZK-USDT-SWAP,2025-03-04 01:50:41.146500,close,16090.0,0.0,0.0831,1337.079,0.0
1INCH-USDT-SWAP,2025-03-04 02:10:41.877400,rebalance,6315.0,11.0,0.2155,1360.8825,2.3705
ENS-USDT-SWAP,2025-03-04 02:10:41.877400,rebalance,0.1,71.8,19.155,1.9155000000000002,1375.329
DOT-USDT-SWAP,2025-03-04 05:22:50.236400,rebalance,-315.0,-2.0,4.305,-1356.0749999999998,-8.61
NEAR-USDT-SWAP,2025-03-04 05:22:50.236400,rebalance,-448.0,-489.0,2.841,-1272.768,-1389.249
GAS-USDT-SWAP,2025-03-04 05:22:50.236400,close,1.0,0.0,3.101,3.101,0.0
GAS-USDT-SWAP,2025-03-04 05:22:50.236400,open,0.0,-452.0,3.101,0.0,-1401.652
BCH-USDT-SWAP,2025-03-04 05:22:50.236400,rebalance,-4.2,-4.57,308.4,-1295.28,-1409.388
APT-USDT-SWAP,2025-03-04 05:22:50.236400,rebalance,-236.0,-257.0,5.4946,-1296.7256,-1412.1122
ID-USDT-SWAP,2025-03-04 05:22:50.236400,rebalance,5520.0,6020.0,0.234,1291.68,1408.68
MANA-USDT-SWAP,2025-03-04 08:58:46.769900,close,5170.0,0.0,0.2656,1373.152,0.0
THETA-USDT-SWAP,2025-03-04 08:58:46.769900,open,0.0,1355.0,1.031,0.0,1397.0049999999999
STX-USDT-SWAP,2025-03-04 08:58:46.769900,rebalance,1887.0,2054.0,0.6841,1290.8967,1405.1414
CHZ-USDT-SWAP,2025-03-04 09:24:46.583600,rebalance,-60.0,-29970.0,0.04605,-2.763,-1380.1185
CELO-USDT-SWAP,2025-03-04 09:24:46.583600,rebalance,-3654.0,-6.0,0.352,-1286.2079999999999,-2.112
RON-USDT-SWAP,2025-03-04 09:54:51.807300,open,0.0,-1560.0,0.902,0.0,-1407.1200000000001
CRO-USDT-SWAP,2025-03-04 09:54:51.807300,rebalance,-18650.0,-50.0,0.07177,-1338.5105,-3.5885
EOS-USDT-SWAP,2025-03-04 14:02:53.531000,rebalance,-2430.0,-2640.0,0.5197,-1262.871,-1372.008
SHIB-USDT-SWAP,2025-03-04 14:02:53.531000,rebalance,105500000.0,200000.0,1.257e-05,1326.135,2.514
METIS-USDT-SWAP,2025-03-04 14:02:53.531000,rebalance,67.0,74.4,18.78,1258.26,1397.2320000000002
UNI-USDT-SWAP,2025-03-04 14:02:53.531000,rebalance,1.0,207.0,6.69,6.69,1384.8300000000002
CFX-USDT-SWAP,2025-03-04 14:02:53.531000,rebalance,13560.0,14850.0,0.0947,1284.132,1406.295
GMX-USDT-SWAP,2025-03-04 14:02:53.531000,rebalance,86.80000000000001,95.30000000000001,14.69,1275.092,1399.957
ZETA-USDT-SWAP,2025-03-04 14:02:53.531000,rebalance,5380.0,5940.0,0.2329,1253.002,1383.426
MINA-USDT-SWAP,2025-03-04 14:02:53.531000,rebalance,4653.0,5120.0,0.2737,1273.5261,1401.344
RON-USDT-SWAP,2025-03-04 14:26:52.549300,rebalance,-1560.0,-10.0,0.868,-1354.08,-8.68
MANA-USDT-SWAP,2025-03-04 14:26:52.549300,open,0.0,-5270.0,0.2676,0.0,-1410.252
NEAR-USDT-SWAP,2025-03-04 14:38:46.633900,rebalance,-489.0,-240.0,2.814,-1376.046,-675.36
LRC-USDT-SWAP,2025-03-04 14:38:46.633900,rebalance,-60.0,-5350.0,0.1118,-6.708,-598.13
GAS-USDT-SWAP,2025-03-04 15:42:52.579600,close,-452.0,0.0,3.034,-1371.368,0.0
NEAR-USDT-SWAP,2025-03-04 15:42:52.579600,rebalance,-240.0,-2.0,2.73,-655.2,-5.46
ZIL-USDT-SWAP,2025-03-04 15:42:52.579600,rebalance,-300.0,-110500.0,0.01245,-3.735,-1375.725
LRC-USDT-SWAP,2025-03-04 15:42:52.579600,rebalance,-5350.0,-12910.0,0.1099,-587.965,-1418.809
ZK-USDT-SWAP,2025-03-04 16:30:00.000000,open,0.0,17360.0,0.0771,0.0,1338.4560000000001
ENS-USDT-SWAP,2025-03-04 16:30:00.000000,open,0.0,-0.2,19.185,0.0,-3.8369999999999997
ENS-USDT-SWAP,2025-03-04 16:30:00.000000,close,71.8,0.0,19.185,1377.483,0.0
BICO-USDT-SWAP,2025-03-04 20:00:50.486800,rebalance,4.0,11077.0,0.1352,0.5408,1497.6103999999998
ADA-USDT-SWAP,2025-03-04 20:00:50.486800,rebalance,-1689.9999999999998,-1520.0,0.9337,-1577.9529999999997,-1419.224
STORJ-USDT-SWAP,2025-03-04 20:00:50.486800,close,4580.0,0.0,0.3002,1374.9160000000002,0.0
GMX-USDT-SWAP,2025-03-04 20:00:50.486800,rebalance,95.30000000000001,88.0,16.03,1527.6590000000003,1410.64
FLOW-USDT-SWAP,2025-03-04 21:28:50.809400,open,0.0,3210.0,0.441,0.0,1415.61
STX-USDT-SWAP,2025-03-04 21:28:50.809400,rebalance,2054.0,6.0,0.7139,1466.3506,4.2834
ZIL-USDT-SWAP,2025-03-04 21:56:45.095000,rebalance,-110500.0,-100.0,0.01275,-1408.875,-1.275
CELO-USDT-SWAP,2025-03-04 21:56:45.095000,rebalance,-6.0,-3776.0,0.3713,-2.2278000000000002,-1402.0288
APT-USDT-SWAP,2025-03-04 22:44:53.245300,rebalance,-257.0,-1.0,5.4816,-1408.7712000000001,-5.4816
ETHW-USDT-SWAP,2025-03-04 22:44:53.245300,open,0.0,-836.7,1.673,0.0,-1399.7991000000002
AVAX-USDT-SWAP,2025-03-04 23:02:46.381600,close,-0.2,0.0,20.029,-4.0058,0.0
ZRX-USDT-SWAP,2025-03-04 23:02:46.381600,rebalance,5100.0,10.0,0.2726,1390.26,2.726
AVAX-USDT-SWAP,2025-03-04 23:02:46.381600,open,0.0,70.4,20.029,0.0,1410.0416
ATH-USDT-SWAP,2025-03-05 00:00:51.828000,open,0.0,-38600.0,0.03642,0.0,-1405.8120000000001
EOS-USDT-SWAP,2025-03-05 00:00:51.828000,rebalance,-2640.0,-10.0,0.5329,-1406.856,-5.329000000000001
ETH-USDT-SWAP,2025-03-05 01:30:51.388500,close,0.002,0.0,2179.31,4.35862,0.0
ETH-USDT-SWAP,2025-03-05 01:30:51.388500,open,0.0,-0.65,2179.31,0.0,-1416.5515
LRC-USDT-SWAP,2025-03-05 01:30:51.388500,rebalance,-12910.0,-30.0,0.1113,-1436.883,-3.339
BCH-USDT-SWAP,2025-03-05 02:22:52.719200,rebalance,-4.57,-4.170000000000001,334.1,-1526.8370000000002,-1393.1970000000003
STX-USDT-SWAP,2025-03-05 02:22:52.719200,rebalance,6.0,1998.0,0.7055,4.2330000000000005,1409.589
ZETA-USDT-SWAP,2025-03-05 02:22:52.719200,rebalance,5940.0,70.0,0.2516,1494.504,17.612
XRP-USDT-SWAP,2025-03-05 05:28:47.258200,rebalance,-599.0,-553.0,2.446,-1465.154,-1352.6380000000001
FLOW-USDT-SWAP,2025-03-05 05:28:47.258200,rebalance,3210.0,10.0,0.4387,1408.2269999999999,4.387
OP-USDT-SWAP,2025-03-05 05:28:47.258200,open,0.0,1502.0,0.94,0.0,1411.8799999999999
OP-USDT-SWAP,2025-03-05 05:28:47.258200,close,-3.0,0.0,0.94,-2.82,0.0
BICO-USDT-SWAP,2025-03-05 05:28:47.258200,rebalance,11077.0,10189.0,0.1343,1487.6411,1368.3827
AXS-USDT-SWAP,2025-03-05 07:04:54.899700,rebalance,2.4000000000000004,413.1,3.418,8.2032,1411.9758000000002
UNI-USDT-SWAP,2025-03-05 07:04:54.899700,close,207.0,0.0,7.332,1517.724,0.0
KSM-USDT-SWAP,2025-03-05 07:54:46.417700,close,78.4,0.0,17.87,1401.0080000000003,0.0
ZIL-USDT-SWAP,2025-03-05 07:54:46.417700,close,-100.0,0.0,0.01261,-1.261,0.0
ZIL-USDT-SWAP,2025-03-05 07:54:46.417700,open,0.0,111800.0,0.01261,0.0,1409.798
POL-USDT-SWAP,2025-03-05 10:18:48.427200,open,0.0,5660.0,0.2538,0.0,1436.508
POL-USDT-SWAP,2025-03-05 10:18:48.427200,close,-10.0,0.0,0.2538,-2.5380000000000003,0.0
ZK-USDT-SWAP,2025-03-05 10:18:48.427200,close,17360.0,0.0,0.08527,1480.2872,0.0
BCH-USDT-SWAP,2025-03-05 10:18:48.427200,rebalance,-4.170000000000001,-3.7600000000000002,375.9,-1567.5030000000002,-1413.384
ZK-USDT-SWAP,2025-03-05 10:18:48.427200,open,0.0,-10.0,0.08527,0.0,-0.8527
YFI-USDT-SWAP,2025-03-05 10:52:48.920000,rebalance,-0.2592,-0.001,5484.0,-1421.4528,-5.484
ARB-USDT-SWAP,2025-03-05 10:52:48.920000,close,5.0,0.0,0.3945,1.9725000000000001,0.0
ARB-USDT-SWAP,2025-03-05 10:52:48.920000,open,0.0,-3561.0,0.3945,0.0,-1404.8145
FLOW-USDT-SWAP,2025-03-05 12:58:50.321600,rebalance,10.0,3120.0,0.4491,4.491,1401.192
ADA-USDT-SWAP,2025-03-05 12:58:50.321600,rebalance,-1520.0,-1410.0,0.9914,-1506.9279999999999,-1397.874
AVAX-USDT-SWAP,2025-03-05 12:58:50.321600,close,70.4,0.0,21.091,1484.8064000000002,0.0
MANA-USDT-SWAP,2025-03-05 13:20:56.409800,rebalance,-5270.0,-4880.0,0.2855,-1504.5849999999998,-1393.2399999999998
METIS-USDT-SWAP,2025-03-05 13:20:56.409800,rebalance,74.4,68.7,20.26,1507.3440000000003,1391.862
ZIL-USDT-SWAP,2025-03-05 13:20:56.409800,rebalance,111800.0,100.0,0.01291,1443.338,1.291
BSV-USDT-SWAP,2025-03-05 13:20:56.409800,rebalance,-40.8,-37.7,36.77,-1500.2160000000001,-1386.2290000000003
DOT-USDT-SWAP,2025-03-05 13:20:56.409800,close,-2.0,0.0,4.395,-8.79,0.0
DOT-USDT-SWAP,2025-03-05 13:20:56.409800,open,0.0,315.0,4.395,0.0,1384.425
MINA-USDT-SWAP,2025-03-05 13:20:56.409800,rebalance,5120.0,4711.0,0.2949,1509.888,1389.2739
ARB-USDT-SWAP,2025-03-05 17:20:53.615500,rebalance,-3561.0,-3228.0,0.4173,-1486.0053,-1347.0444
ETC-USDT-SWAP,2025-03-05 17:20:53.615500,rebalance,-75.3,-68.89999999999999,20.54,-1546.6619999999998,-1415.2059999999997
CFX-USDT-SWAP,2025-03-05 17:20:53.615500,rebalance,14850.0,13730.0,0.1003,1489.455,1377.119
ZK-USDT-SWAP,2025-03-05 17:20:53.615500,close,-10.0,0.0,0.08487,-0.8487,0.0
ZK-USDT-SWAP,2025-03-05 17:20:53.615500,open,0.0,16250.0,0.08487,0.0,1379.1375
AXS-USDT-SWAP,2025-03-05 17:20:53.615500,rebalance,413.1,0.9,3.498,1445.0238000000002,3.1482
STX-USDT-SWAP,2025-03-05 17:46:56.251600,close,1998.0,0.0,0.7251,1448.7497999999998,0.0
STX-USDT-SWAP,2025-03-05 17:46:56.251600,open,0.0,-1.0,0.7251,0.0,-0.7251
ENS-USDT-SWAP,2025-03-05 17:46:56.251600,close,-0.2,0.0,20.728,-4.145600000000001,0.0
ENS-USDT-SWAP,2025-03-05 17:46:56.251600,open,0.0,65.60000000000001,20.728,0.0,1359.7568000000003
OP-USDT-SWAP,2025-03-05 20:32:49.905600,rebalance,1502.0,1386.0,1.0035,1507.257,1390.851
EGLD-USDT-SWAP,2025-03-05 20:32:49.905600,rebalance,-62.6,-0.30000000000000004,21.71,-1359.046,-6.513000000000001
APT-USDT-SWAP,2025-03-05 20:32:49.905600,rebalance,-1.0,-228.0,6.524,-6.524,-1487.472
RVN-USDT-SWAP,2025-03-05 21:58:54.139000,rebalance,-130.0,-104610.0,0.01313,-1.7068999999999999,-1373.5293
CHZ-USDT-SWAP,2025-03-05 21:58:54.139000,close,-29970.0,0.0,0.04874,-1460.7377999999999,0.0
CHZ-USDT-SWAP,2025-03-05 21:58:54.139000,open,0.0,10.0,0.04874,0.0,0.4874
ICP-USDT-SWAP,2025-03-05 22:56:50.875600,rebalance,1.06,222.91,6.341,6.72146,1413.47231
DOT-USDT-SWAP,2025-03-05 22:56:50.875600,rebalance,315.0,1.0,4.522,1424.43,4.522
SHIB-USDT-SWAP,2025-03-06 00:44:49.528200,rebalance,200000.0,104100000.0,1.3318e-05,2.6636,1386.4038
ICP-USDT-SWAP,2025-03-06 00:44:49.528200,rebalance,222.91,0.28,6.344,1414.14104,1.7763200000000003
ETH-USDT-SWAP,2025-03-06 01:48:51.832300,close,-0.65,0.0,2270.78,-1476.0070000000003,0.0
ETH-USDT-SWAP,2025-03-06 01:48:51.832300,open,0.0,0.001,2270.78,0.0,2.2707800000000002
ENS-USDT-SWAP,2025-03-06 01:48:51.832300,rebalance,65.60000000000001,0.30000000000000004,21.583,1415.8448,6.474900000000001
IMX-USDT-SWAP,2025-03-06 01:48:51.832300,rebalance,-11.0,-2116.0,0.655,-7.205,-1385.98
ZIL-USDT-SWAP,2025-03-06 01:48:51.832300,rebalance,100.0,107700.0,0.01309,1.309,1409.793
BCH-USDT-SWAP,2025-03-06 02:26:49.700400,close,-3.7600000000000002,0.0,397.0,-1492.72,0.0
BCH-USDT-SWAP,2025-03-06 02:26:49.700400,open,0.0,0.010000000000000002,397.0,0.0,3.9700000000000006
CRO-USDT-SWAP,2025-03-06 02:26:49.700400,rebalance,-50.0,-16930.0,0.08834,-4.417,-1495.5962
BCH-USDT-SWAP,2025-03-06 05:22:57.969500,close,0.010000000000000002,0.0,416.3,4.163000000000001,0.0
BCH-USDT-SWAP,2025-03-06 05:22:57.969500,open,0.0,-3.4700000000000006,416.3,0.0,-1444.5610000000004
ID-USDT-SWAP,2025-03-06 05:22:57.969500,rebalance,6020.0,5550.0,0.252,1517.04,1398.6
XRP-USDT-SWAP,2025-03-06 05:22:57.969500,close,-553.0,0.0,2.5398,-1404.5094000000001,0.0
XRP-USDT-SWAP,2025-03-06 05:22:57.969500,open,0.0,1.0,2.5398,0.0,2.5398
OP-USDT-SWAP,2025-03-06 08:54:48.719600,open,0.0,-1.0,1.021,0.0,-1.021
OP-USDT-SWAP,2025-03-06 08:54:48.719600,close,1386.0,0.0,1.021,1415.1059999999998,0.0
ZETA-USDT-SWAP,2025-03-06 08:54:48.719600,rebalance,70.0,5300.0,0.2598,18.186,1376.9399999999998
IMX-USDT-SWAP,2025-03-06 09:46:57.621200,close,-2116.0,0.0,0.6438,-1362.2808,0.0
WOO-USDT-SWAP,2025-03-06 09:46:57.621200,open,0.0,-13540.0,0.103,0.0,-1394.62
ATOM-USDT-SWAP,2025-03-06 10:14:55.427600,close,322.0,0.0,4.405,1418.41,0.0
ATOM-USDT-SWAP,2025-03-06 10:14:55.427600,open,0.0,-27.0,4.405,0.0,-118.935
UNI-USDT-SWAP,2025-03-06 10:14:55.427600,open,0.0,205.0,7.517,0.0,1540.9850000000001
LUNC-USDT-SWAP,2025-03-06 10:26:55.323200,close,-80000.0,0.0,6.599e-05,-5.2791999999999994,0.0
LUNC-USDT-SWAP,2025-03-06 10:26:55.323200,open,0.0,17280000.0,6.599e-05,0.0,1140.3072
NEAR-USDT-SWAP,2025-03-06 10:26:55.323200,rebalance,-2.0,-28.0,3.155,-6.31,-88.33999999999999
ZIL-USDT-SWAP,2025-03-06 10:26:55.323200,rebalance,107700.0,16500.0,0.01318,1419.486,217.47
BTC-USDT-SWAP,2025-03-06 10:26:55.323200,rebalance,0.0001,0.0129,91668.3,9.166830000000001,1182.52107
MINA-USDT-SWAP,2025-03-06 10:26:55.323200,rebalance,4711.0,431.0,0.3022,1423.6642000000002,130.2482
ZIL-USDT-SWAP,2025-03-08 12:22:31.848500,open,0.0,-107500.0,0.01271,0.0,-1366.325
ZK-USDT-SWAP,2025-03-08 12:22:31.848500,rebalance,16250.0,10.0,0.08137,1322.2625,0.8137
CHZ-USDT-SWAP,2025-03-08 12:22:31.848500,open,0.0,-60.0,0.04709,0.0,-2.8254
CHZ-USDT-SWAP,2025-03-08 12:22:31.848500,close,10.0,0.0,0.04709,0.4709,0.0
MASK-USDT-SWAP,2025-03-08 12:22:31.848500,close,-641.0,0.0,2.187,-1401.867,0.0
BLUR-USDT-SWAP,2025-03-08 12:22:31.848500,open,0.0,-12110.0,0.1149,0.0,-1391.439
ETHW-USDT-SWAP,2025-03-08 12:22:31.848500,rebalance,-836.7,-0.6000000000000001,1.621,-1356.2907,-0.9726000000000001
ATH-USDT-SWAP,2025-03-08 12:22:31.848500,rebalance,-38600.0,-37900.0,0.03742,-1444.412,-1418.218
BLUR-USDT-SWAP,2025-03-08 12:22:31.848500,close,60.0,0.0,0.1149,6.894,0.0
ZIL-USDT-SWAP,2025-03-08 12:22:31.848500,close,16500.0,0.0,0.01271,209.715,0.0
PYTH-USDT-SWAP,2025-03-08 12:22:31.848500,close,-10.0,0.0,0.1675,-1.675,0.0
ATOM-USDT-SWAP,2025-03-08 12:22:31.848500,rebalance,-27.0,-1.0,4.147,-111.96900000000001,-4.147
BTC-USDT-SWAP,2025-03-08 12:22:31.848500,rebalance,0.0129,0.0167,86258.0,1112.7282,1440.5086
NEAR-USDT-SWAP,2025-03-08 12:22:31.848500,rebalance,-28.0,-485.0,2.877,-80.556,-1395.3449999999998
EGLD-USDT-SWAP,2025-03-08 12:22:31.848500,close,-0.30000000000000004,0.0,20.05,-6.0150000000000015,0.0
EGLD-USDT-SWAP,2025-03-08 12:22:31.848500,open,0.0,70.10000000000001,20.05,0.0,1405.505
ZETA-USDT-SWAP,2025-03-08 12:22:31.848500,rebalance,5300.0,5770.0,0.2376,1259.28,1370.952
MINA-USDT-SWAP,2025-03-08 12:22:31.848500,close,431.0,0.0,0.2837,122.27470000000001,0.0
MINA-USDT-SWAP,2025-03-08 12:22:31.848500,open,0.0,-10.0,0.2837,0.0,-2.837
ARB-USDT-SWAP,2025-03-08 12:22:31.848500,rebalance,-3228.0,-3599.0,0.3888,-1255.0464,-1399.2912
CFX-USDT-SWAP,2025-03-08 12:22:31.848500,close,13730.0,0.0,0.0976,1340.048,0.0
CFX-USDT-SWAP,2025-03-08 12:22:31.848500,open,0.0,-20.0,0.0976,0.0,-1.9520000000000002
PYTH-USDT-SWAP,2025-03-08 12:22:31.848500,open,0.0,8040.0,0.1675,0.0,1346.7
SOL-USDT-SWAP,2025-03-08 12:22:31.848500,rebalance,-0.06,-0.04,138.12,-8.2872,-5.5248
GRT-USDT-SWAP,2025-03-08 12:22:31.848500,rebalance,12770.0,13880.0,0.1018,1299.986,1412.984
LUNC-USDT-SWAP,2025-03-08 12:22:31.848500,open,0.0,-21450000.0,6.33e-05,0.0,-1357.7849999999999
BAT-USDT-SWAP,2025-03-08 12:22:31.848500,rebalance,-10.0,-8930.0,0.1567,-1.5670000000000002,-1399.3310000000001
BNB-USDT-SWAP,2025-03-08 12:22:31.848500,close,0.01,0.0,596.7,5.9670000000000005,0.0
AXS-USDT-SWAP,2025-03-08 12:22:31.848500,close,0.9,0.0,3.456,3.1104,0.0
ICP-USDT-SWAP,2025-03-08 12:22:31.848500,rebalance,0.28,228.31,5.953,1.6668400000000003,1359.1294300000002
BCH-USDT-SWAP,2025-03-08 12:22:31.848500,rebalance,-3.4700000000000006,-3.8000000000000003,387.9,-1346.0130000000001,-1474.02
SHIB-USDT-SWAP,2025-03-08 12:22:31.848500,rebalance,104100000.0,100000.0,1.2876e-05,1340.3916,1.2876
METIS-USDT-SWAP,2025-03-08 12:22:31.848500,rebalance,68.7,74.9,19.31,1326.597,1446.319
UNI-USDT-SWAP,2025-03-08 12:22:31.848500,rebalance,205.0,203.0,7.04,1443.2,1429.1200000000001
WOO-USDT-SWAP,2025-03-08 12:22:31.848500,rebalance,-13540.0,-14750.0,0.0969,-1312.026,-1429.275
BICO-USDT-SWAP,2025-03-08 12:22:31.848500,rebalance,10189.0,11140.0,0.1295,1319.4755,1442.63
KSM-USDT-SWAP,2025-03-08 12:22:31.848500,open,0.0,83.4,17.44,0.0,1454.496
AXS-USDT-SWAP,2025-03-08 12:22:31.848500,open,0.0,-0.2,3.456,0.0,-0.6912
OP-USDT-SWAP,2025-03-08 12:22:31.848500,rebalance,-1.0,-2.0,0.9308,-0.9308,-1.8616
CRO-USDT-SWAP,2025-03-08 12:22:31.848500,rebalance,-16930.0,-17000.0,0.08398,-1421.7814,-1427.66
ADA-USDT-SWAP,2025-03-08 12:22:31.848500,close,-1410.0,0.0,0.8085,-1139.985,0.0
ADA-USDT-SWAP,2025-03-08 12:22:31.848500,open,0.0,20.0,0.8085,0.0,16.17
THETA-USDT-SWAP,2025-03-08 12:22:31.848500,close,1355.0,0.0,1.0167,1377.6284999999998,0.0
ID-USDT-SWAP,2025-03-08 12:22:31.848500,close,5550.0,0.0,0.2333,1294.815,0.0
CORE-USDT-SWAP,2025-03-08 12:22:31.848500,close,-2865.0,0.0,0.4563,-1307.2994999999999,0.0
AVAX-USDT-SWAP,2025-03-08 12:22:31.848500,open,0.0,68.8,19.718,0.0,1356.5983999999999
IMX-USDT-SWAP,2025-03-08 12:22:31.848500,open,0.0,2291.0,0.5832,0.0,1336.1112
LUNC-USDT-SWAP,2025-03-08 12:22:31.848500,close,17280000.0,0.0,6.33e-05,1093.8239999999998,0.0
RVN-USDT-SWAP,2025-03-08 12:22:31.848500,rebalance,-104610.0,-500.0,0.01257,-1314.9477,-6.285
POL-USDT-SWAP,2025-03-08 14:32:31.546700,close,5660.0,0.0,0.2436,1378.776,0.0
ATOM-USDT-SWAP,2025-03-08 14:32:31.546700,open,0.0,347.0,4.153,0.0,1441.091
ATOM-USDT-SWAP,2025-03-08 14:32:31.546700,close,-1.0,0.0,4.153,-4.153,0.0
SOL-USDT-SWAP,2025-03-08 14:32:31.546700,open,0.0,10.49,137.85,0.0,1446.0465
AVAX-USDT-SWAP,2025-03-08 14:32:31.546700,open,0.0,-0.3,20.592,0.0,-6.177599999999999
AVAX-USDT-SWAP,2025-03-08 14:32:31.546700,close,68.8,0.0,20.592,1416.7296,0.0
SOL-USDT-SWAP,2025-03-08 14:32:31.546700,close,-0.04,0.0,137.85,-5.514,0.0
BAT-USDT-SWAP,2025-03-08 15:42:24.260600,rebalance,-8930.0,-20.0,0.1563,-1395.759,-3.126
1INCH-USDT-SWAP,2025-03-08 15:42:24.260600,close,11.0,0.0,0.2288,2.5168,0.0
1INCH-USDT-SWAP,2025-03-08 15:42:24.260600,open,0.0,-6309.0,0.2288,0.0,-1443.4992
FIL-USDT-SWAP,2025-03-08 18:22:31.041600,close,0.2,0.0,3.113,0.6226,0.0
FIL-USDT-SWAP,2025-03-08 18:22:31.041600,open,0.0,-462.20000000000005,3.113,0.0,-1438.8286
ZIL-USDT-SWAP,2025-03-08 18:22:31.041600,rebalance,-107500.0,-300.0,0.01265,-1359.875,-3.795
SHIB-USDT-SWAP,2025-03-08 19:02:30.982100,rebalance,100000.0,42600000.0,1.2751e-05,1.2751000000000001,543.1926
UNI-USDT-SWAP,2025-03-08 19:02:30.982100,rebalance,203.0,113.0,7.16,1453.48,809.08
UNI-USDT-SWAP,2025-03-08 19:12:23.480700,close,113.0,0.0,7.172,810.4359999999999,0.0
SHIB-USDT-SWAP,2025-03-08 19:12:23.480700,rebalance,42600000.0,112300000.0,1.2746e-05,542.9796,1431.3758
OP-USDT-SWAP,2025-03-08 20:12:22.292200,open,0.0,1517.0,0.9448,0.0,1433.2616
FLOW-USDT-SWAP,2025-03-08 20:12:22.292200,rebalance,3120.0,10.0,0.4349,1356.888,4.349
OP-USDT-SWAP,2025-03-08 20:12:22.292200,close,-2.0,0.0,0.9448,-1.8896,0.0
THETA-USDT-SWAP,2025-03-08 20:42:29.399900,open,0.0,1410.0,1.0157,0.0,1432.1370000000002
GMX-USDT-SWAP,2025-03-08 20:42:29.399900,rebalance,88.0,0.1,15.51,1364.8799999999999,1.5510000000000002
MANA-USDT-SWAP,2025-03-08 23:22:28.477300,rebalance,-4880.0,-3050.0,0.2761,-1347.3680000000002,-842.105
ETH-USDT-SWAP,2025-03-08 23:22:28.477300,close,0.001,0.0,2202.12,2.20212,0.0
ETH-USDT-SWAP,2025-03-08 23:22:28.477300,open,0.0,-0.225,2202.12,0.0,-495.477
BTC-USDT-SWAP,2025-03-08 23:22:28.477300,rebalance,0.0167,0.006500000000000001,86255.0,1440.4585,560.6575
DOT-USDT-SWAP,2025-03-08 23:22:28.477300,rebalance,1.0,215.0,4.29,4.29,922.35
BTC-USDT-SWAP,2025-03-08 23:32:23.866300,rebalance,0.006500000000000001,0.0001,86134.9,559.87685,8.61349
DOT-USDT-SWAP,2025-03-08 23:32:23.866300,rebalance,215.0,335.0,4.282,920.63,1434.47
MANA-USDT-SWAP,2025-03-08 23:32:23.866300,rebalance,-3050.0,-30.0,0.2759,-841.4949999999999,-8.277
ETH-USDT-SWAP,2025-03-08 23:32:23.866300,rebalance,-0.225,-0.653,2196.0,-494.1,-1433.988
IMX-USDT-SWAP,2025-03-09 00:02:25.950700,rebalance,2291.0,2496.0,0.5777,1323.5107,1441.9392
ENS-USDT-SWAP,2025-03-09 02:42:30.725000,rebalance,0.30000000000000004,30.1,19.801,5.940300000000001,596.0101
TON-USDT-SWAP,2025-03-09 02:42:30.725000,rebalance,456.0,284.0,2.931,1336.536,832.404
ENS-USDT-SWAP,2025-03-09 02:52:26.328400,rebalance,30.1,72.4,19.832,596.9432,1435.8368000000003
TON-USDT-SWAP,2025-03-09 02:52:26.328400,rebalance,284.0,1.0,2.931,832.404,2.931
DOT-USDT-SWAP,2025-03-09 03:12:22.557000,rebalance,335.0,131.0,4.32,1447.2,565.9200000000001
ZRX-USDT-SWAP,2025-03-09 03:12:22.557000,rebalance,10.0,3340.0,0.2639,2.6390000000000002,881.426
DOT-USDT-SWAP,2025-03-09 03:22:28.140600,rebalance,131.0,1.0,4.301,563.431,4.301
ZRX-USDT-SWAP,2025-03-09 03:22:28.140600,rebalance,3340.0,5450.0,0.2636,880.424,1436.6200000000001
BSV-USDT-SWAP,2025-03-09 04:02:29.185500,rebalance,-37.7,-41.0,35.23,-1328.171,-1444.4299999999998
CRO-USDT-SWAP,2025-03-09 06:02:26.783500,rebalance,-17000.0,-15720.0,0.09136,-1553.12,-1436.1792
OP-USDT-SWAP,2025-03-09 06:42:27.028200,rebalance,1517.0,2.0,0.9356,1419.3052,1.8712
FLOKI-USDT-SWAP,2025-03-09 06:42:27.028200,rebalance,100000.0,21400000.0,6.734e-05,6.734,1441.076
PYTH-USDT-SWAP,2025-03-09 07:02:28.071500,rebalance,8040.0,8770.0,0.1649,1325.7959999999998,1446.173
AXS-USDT-SWAP,2025-03-09 08:32:28.350400,close,-0.2,0.0,3.354,-0.6708000000000001,0.0
AXS-USDT-SWAP,2025-03-09 08:32:28.350400,open,0.0,431.70000000000005,3.354,0.0,1447.9218000000003
METIS-USDT-SWAP,2025-03-09 08:32:28.350400,rebalance,74.9,0.1,18.99,1422.3509999999999,1.899
ICP-USDT-SWAP,2025-03-09 09:02:24.107300,rebalance,228.31,249.44,5.818,1328.30758,1451.24192
ATH-USDT-SWAP,2025-03-09 09:02:24.107300,rebalance,-37900.0,-41300.0,0.03519,-1333.701,-1453.347
LUNC-USDT-SWAP,2025-03-09 09:02:24.107300,rebalance,-21450000.0,-23400000.0,6.198e-05,-1329.471,-1450.3319999999999
MASK-USDT-SWAP,2025-03-09 09:22:25.703400,open,0.0,-252.0,2.183,0.0,-550.116
LUNC-USDT-SWAP,2025-03-09 09:22:25.703400,rebalance,-23400000.0,-13780000.0,6.19e-05,-1448.46,-852.982
MASK-USDT-SWAP,2025-03-09 09:32:31.853700,rebalance,-252.0,-668.0,2.183,-550.116,-1458.244
LUNC-USDT-SWAP,2025-03-09 09:32:31.853700,close,-13780000.0,0.0,6.207e-05,-855.3245999999999,0.0
PYTH-USDT-SWAP,2025-03-09 09:32:31.853700,rebalance,8770.0,5740.0,0.1673,1467.221,960.302
RON-USDT-SWAP,2025-03-09 09:32:31.853700,close,-10.0,0.0,0.8678,-8.678,0.0
RON-USDT-SWAP,2025-03-09 09:32:31.853700,open,0.0,630.0,0.8678,0.0,546.714
PYTH-USDT-SWAP,2025-03-09 09:42:25.995300,rebalance,5740.0,20.0,0.1667,956.858,3.3339999999999996
RON-USDT-SWAP,2025-03-09 09:42:25.995300,rebalance,630.0,1683.0,0.8644,544.572,1454.7851999999998
ZETA-USDT-SWAP,2025-03-09 11:02:23.728100,rebalance,5770.0,6330.0,0.2298,1325.946,1454.634
ETC-USDT-SWAP,2025-03-09 11:02:23.728100,rebalance,-68.89999999999999,-75.6,19.16,-1320.1239999999998,-1448.4959999999999
ETHW-USDT-SWAP,2025-03-09 11:42:26.489100,close,-0.6000000000000001,0.0,1.532,-0.9192000000000001,0.0
ETHW-USDT-SWAP,2025-03-09 11:42:26.489100,open,0.0,390.8,1.532,0.0,598.7056
KSM-USDT-SWAP,2025-03-09 11:42:26.489100,rebalance,83.4,51.800000000000004,17.09,1425.306,885.2620000000001
KSM-USDT-SWAP,2025-03-09 11:52:31.231300,close,51.800000000000004,0.0,17.12,886.8160000000001,0.0
ETHW-USDT-SWAP,2025-03-09 11:52:31.231300,rebalance,390.8,947.6,1.5,586.2,1421.4
BSV-USDT-SWAP,2025-03-09 12:22:31.422900,close,-41.0,0.0,33.71,-1382.1100000000001,0.0
YFI-USDT-SWAP,2025-03-09 12:22:31.422900,rebalance,-0.001,-0.2776,5217.0,-5.2170000000000005,-1448.2392
NEAR-USDT-SWAP,2025-03-09 13:52:29.909000,close,-485.0,0.0,2.738,-1327.93,0.0
GAS-USDT-SWAP,2025-03-09 13:52:29.909000,open,0.0,-481.0,2.986,0.0,-1436.266
BLUR-USDT-SWAP,2025-03-09 14:02:28.183500,rebalance,-12110.0,-13180.0,0.1093,-1323.6229999999998,-1440.5739999999998
GRT-USDT-SWAP,2025-03-09 14:02:28.183500,rebalance,13880.0,15130.0,0.0949,1317.212,1435.837
WOO-USDT-SWAP,2025-03-09 16:02:27.087100,rebalance,-14750.0,-16040.0,0.0885,-1305.375,-1419.54
DOT-USDT-SWAP,2025-03-09 17:02:27.537700,open,0.0,-233.0,4.095,0.0,-954.135
ARB-USDT-SWAP,2025-03-09 17:02:27.537700,rebalance,-3599.0,-3926.0,0.3572,-1285.5628000000002,-1402.3672000000001
DOT-USDT-SWAP,2025-03-09 17:02:27.537700,close,1.0,0.0,4.095,4.095,0.0
WOO-USDT-SWAP,2025-03-09 17:02:27.537700,rebalance,-16040.0,-6220.0,0.0851,-1365.004,-529.322
BICO-USDT-SWAP,2025-03-09 17:02:27.537700,rebalance,11140.0,12245.0,0.1138,1267.732,1393.481
EGLD-USDT-SWAP,2025-03-09 17:02:27.537700,rebalance,70.10000000000001,76.2,18.41,1290.5410000000002,1402.842
WOO-USDT-SWAP,2025-03-09 17:12:26.726600,close,-6220.0,0.0,0.0851,-529.322,0.0
DOT-USDT-SWAP,2025-03-09 17:12:26.726600,rebalance,-233.0,-343.0,4.108,-957.1639999999999,-1409.0439999999999
SHIB-USDT-SWAP,2025-03-09 18:02:34.005700,rebalance,112300000.0,9900000.0,1.1636e-05,1306.7228,115.1964
ZK-USDT-SWAP,2025-03-09 18:02:34.005700,rebalance,10.0,17740.0,0.0691,0.691,1225.8339999999998
CELO-USDT-SWAP,2025-03-09 18:02:34.005700,rebalance,-3776.0,-4107.0,0.3381,-1276.6656,-1388.5767
CRO-USDT-SWAP,2025-03-09 18:02:34.005700,rebalance,-15720.0,-17150.0,0.08147,-1280.7084,-1397.2105
SHIB-USDT-SWAP,2025-03-09 18:12:26.921400,rebalance,9900000.0,200000.0,1.1559e-05,114.4341,2.3118000000000003
ZK-USDT-SWAP,2025-03-09 18:12:26.921400,rebalance,17740.0,20210.0,0.0682,1209.868,1378.322
BAT-USDT-SWAP,2025-03-09 18:42:33.575900,rebalance,-20.0,-4550.0,0.1467,-2.934,-667.485
FIL-USDT-SWAP,2025-03-09 18:42:33.575900,rebalance,-462.20000000000005,-271.0,2.766,-1278.4452,-749.586
FIL-USDT-SWAP,2025-03-09 18:52:31.582400,open,0.0,0.7000000000000001,2.779,0.0,1.9453
BAT-USDT-SWAP,2025-03-09 18:52:31.582400,rebalance,-4550.0,-9480.0,0.1478,-672.4899999999999,-1401.1439999999998
FIL-USDT-SWAP,2025-03-09 18:52:31.582400,close,-271.0,0.0,2.779,-753.1089999999999,0.0
IMX-USDT-SWAP,2025-03-09 19:02:28.584400,rebalance,2496.0,2714.0,0.5183,1293.6768,1406.6662
FLOKI-USDT-SWAP,2025-03-09 19:02:28.584400,rebalance,21400000.0,23500000.0,5.979e-05,1279.506,1405.065
THETA-USDT-SWAP,2025-03-09 19:02:28.584400,rebalance,1410.0,1534.0,0.9179,1294.239,1408.0586
APT-USDT-SWAP,2025-03-09 22:02:32.769000,rebalance,-228.0,-248.0,5.651,-1288.4279999999999,-1401.4479999999999
ENS-USDT-SWAP,2025-03-09 22:02:32.769000,rebalance,72.4,79.5,17.59,1273.516,1398.405
ETHW-USDT-SWAP,2025-03-09 22:02:32.769000,rebalance,947.6,1041.9,1.346,1275.4696000000001,1402.3974000000003
XTZ-USDT-SWAP,2025-03-09 23:02:28.863100,rebalance,-1900.0,-2082.0,0.6742,-1280.98,-1403.6844
MANA-USDT-SWAP,2025-03-10 01:42:29.283400,rebalance,-30.0,-4380.0,0.2636,-7.908,-1154.568
CELO-USDT-SWAP,2025-03-10 01:42:29.283400,rebalance,-4107.0,-508.0,0.3372,-1384.8804,-171.2976
MANA-USDT-SWAP,2025-03-10 01:52:27.896500,rebalance,-4380.0,-5390.0,0.2631,-1152.378,-1418.109
CELO-USDT-SWAP,2025-03-10 01:52:27.896500,rebalance,-508.0,-13.0,0.3371,-171.2468,-4.3823
SHIB-USDT-SWAP,2025-03-10 04:32:28.193400,close,200000.0,0.0,1.2179e-05,2.4358,0.0
SHIB-USDT-SWAP,2025-03-10 04:32:28.193400,open,0.0,-116300000.0,1.2179e-05,0.0,-1416.4177
ETC-USDT-SWAP,2025-03-10 04:32:28.193400,rebalance,-75.6,-0.3,18.03,-1363.068,-5.409
IMX-USDT-SWAP,2025-03-10 06:02:30.498100,close,2714.0,0.0,0.5358,1454.1612000000002,0.0
IMX-USDT-SWAP,2025-03-10 06:02:30.498100,open,0.0,-1.0,0.5358,0.0,-0.5358
CFX-USDT-SWAP,2025-03-10 06:02:30.498100,close,-20.0,0.0,0.082,-1.6400000000000001,0.0
CFX-USDT-SWAP,2025-03-10 06:02:30.498100,open,0.0,17240.0,0.082,0.0,1413.68
ATH-USDT-SWAP,2025-03-10 07:02:36.431900,rebalance,-41300.0,-38200.0,0.03639,-1502.907,-1390.098
LRC-USDT-SWAP,2025-03-10 07:42:31.017600,rebalance,-30.0,-13480.0,0.1052,-3.156,-1418.096
1INCH-USDT-SWAP,2025-03-10 07:42:31.017600,rebalance,-6309.0,-17.0,0.214,-1350.126,-3.638
APT-USDT-SWAP,2025-03-10 08:42:28.787600,rebalance,-248.0,-146.0,5.4172,-1343.4656,-790.9112
ZIL-USDT-SWAP,2025-03-10 08:42:28.787600,rebalance,-300.0,-49800.0,0.01181,-3.5429999999999997,-588.1379999999999
APT-USDT-SWAP,2025-03-10 08:52:35.338200,rebalance,-146.0,-1.0,5.4016,-788.6336,-5.4016
ZIL-USDT-SWAP,2025-03-10 08:52:35.338200,rebalance,-49800.0,-120900.0,0.01178,-586.644,-1424.202
EOS-USDT-SWAP,2025-03-10 10:32:36.547000,open,0.0,680.0,0.4982,0.0,338.776
ATOM-USDT-SWAP,2025-03-10 10:32:36.547000,rebalance,347.0,262.0,3.954,1372.038,1035.948
EOS-USDT-SWAP,2025-03-10 10:32:36.547000,close,-10.0,0.0,0.4982,-4.981999999999999,0.0
EOS-USDT-SWAP,2025-03-10 10:42:33.807800,rebalance,680.0,2850.0,0.498,338.64,1419.3
ATOM-USDT-SWAP,2025-03-10 10:42:33.807800,rebalance,262.0,1.0,3.942,1032.804,3.942
ATH-USDT-SWAP,2025-03-10 14:02:33.636600,rebalance,-38200.0,-41900.0,0.03308,-1263.656,-1386.052
METIS-USDT-SWAP,2025-03-10 14:22:38.393500,rebalance,0.1,83.10000000000001,17.0,1.7000000000000002,1412.7
FLOKI-USDT-SWAP,2025-03-10 14:22:38.393500,rebalance,23500000.0,100000.0,6.182e-05,1452.77,6.182
RON-USDT-SWAP,2025-03-10 15:02:36.633100,rebalance,1683.0,1847.0,0.762,1282.446,1407.414
SOL-USDT-SWAP,2025-03-10 15:02:36.633100,rebalance,10.49,11.59,121.08,1270.1292,1403.3172
XTZ-USDT-SWAP,2025-03-10 15:32:31.041400,rebalance,-2082.0,-1.0,0.6957,-1448.4474,-0.6957
OP-USDT-SWAP,2025-03-10 15:32:31.041400,close,2.0,0.0,0.8956,1.7912,0.0
OP-USDT-SWAP,2025-03-10 15:32:31.041400,open,0.0,-1579.0,0.8956,0.0,-1414.1524
NEAR-USDT-SWAP,2025-03-10 16:32:35.574400,open,0.0,387.0,2.455,0.0,950.085
BICO-USDT-SWAP,2025-03-10 16:32:35.574400,rebalance,12245.0,5134.0,0.1152,1410.624,591.4368
NEAR-USDT-SWAP,2025-03-10 16:42:31.159000,rebalance,387.0,571.0,2.427,939.249,1385.817
BICO-USDT-SWAP,2025-03-10 16:42:31.159000,close,5134.0,0.0,0.1144,587.3296,0.0
BICO-USDT-SWAP,2025-03-10 16:42:31.159000,open,0.0,-24.0,0.1144,0.0,-2.7456
ETHW-USDT-SWAP,2025-03-10 17:02:39.026100,rebalance,1041.9,5.2,1.373,1430.5287,7.139600000000001
PYTH-USDT-SWAP,2025-03-10 17:02:39.026100,rebalance,20.0,9530.0,0.1454,2.908,1385.662
IMX-USDT-SWAP,2025-03-10 17:22:38.083800,rebalance,-1.0,-2670.0,0.5258,-0.5258,-1403.8860000000002
ARB-USDT-SWAP,2025-03-10 17:22:38.083800,rebalance,-3926.0,-49.0,0.3352,-1315.9952,-16.4248
ETH-USDT-SWAP,2025-03-10 18:02:34.342900,rebalance,-0.653,-0.718,1926.62,-1258.08286,-1383.31316
EGLD-USDT-SWAP,2025-03-10 18:12:34.307900,rebalance,76.2,57.6,18.05,1375.41,1039.68
ID-USDT-SWAP,2025-03-10 18:12:34.307900,open,0.0,1470.0,0.1956,0.0,287.532
EGLD-USDT-SWAP,2025-03-10 18:22:36.003900,close,57.6,0.0,17.99,1036.224,0.0
ID-USDT-SWAP,2025-03-10 18:22:36.003900,rebalance,1470.0,6960.0,0.1948,286.356,1355.808
EGLD-USDT-SWAP,2025-03-10 18:22:36.003900,open,0.0,-0.2,17.99,0.0,-3.598
CFX-USDT-SWAP,2025-03-10 19:02:40.353600,rebalance,17240.0,18930.0,0.071,1224.04,1344.03
ZRX-USDT-SWAP,2025-03-10 19:02:40.353600,rebalance,5450.0,5930.0,0.2283,1244.2350000000001,1353.819
THETA-USDT-SWAP,2025-03-10 19:02:40.353600,rebalance,1534.0,1672.0,0.8083,1239.9322,1351.4776
BLUR-USDT-SWAP,2025-03-10 20:42:36.176500,close,-13180.0,0.0,0.0961,-1266.598,0.0
LUNC-USDT-SWAP,2025-03-10 20:42:36.176500,open,0.0,-23480000.0,5.821e-05,0.0,-1366.7708
AXS-USDT-SWAP,2025-03-10 21:02:33.528600,rebalance,431.70000000000005,475.90000000000003,2.872,1239.8424,1366.7848000000001
BCH-USDT-SWAP,2025-03-11 00:02:36.030700,rebalance,-3.8000000000000003,-4.16,332.9,-1265.02,-1384.864
OP-USDT-SWAP,2025-03-11 00:02:36.030700,rebalance,-1579.0,-1717.0,0.8058,-1272.3582,-1383.5585999999998
ZETA-USDT-SWAP,2025-03-11 00:02:36.030700,rebalance,6330.0,6890.0,0.2005,1269.165,1381.4450000000002
1INCH-USDT-SWAP,2025-03-11 00:42:38.448100,open,0.0,1775.0,0.1931,0.0,342.7525
EOS-USDT-SWAP,2025-03-11 00:42:38.448100,rebalance,2850.0,2150.0,0.462,1316.7,993.3000000000001
1INCH-USDT-SWAP,2025-03-11 00:42:38.448100,close,-17.0,0.0,0.1931,-3.2826999999999997,0.0
1INCH-USDT-SWAP,2025-03-11 00:52:34.614600,rebalance,1775.0,7297.0,0.1931,342.7525,1409.0507
IMX-USDT-SWAP,2025-03-11 00:52:34.614600,rebalance,-2670.0,-2008.0,0.492,-1313.6399999999999,-987.936
APT-USDT-SWAP,2025-03-11 00:52:34.614600,rebalance,-1.0,-74.0,5.2338,-5.2338,-387.3012
EOS-USDT-SWAP,2025-03-11 00:52:34.614600,rebalance,2150.0,10.0,0.462,993.3000000000001,4.62
PYTH-USDT-SWAP,2025-03-11 01:02:39.097300,rebalance,9530.0,10370.0,0.137,1305.6100000000001,1420.69
METIS-USDT-SWAP,2025-03-11 01:02:39.097300,rebalance,83.10000000000001,92.2,15.51,1288.881,1430.022
GAS-USDT-SWAP,2025-03-11 01:02:39.097300,rebalance,-481.0,-528.0,2.679,-1288.599,-1414.512
ZK-USDT-SWAP,2025-03-11 01:02:39.097300,rebalance,20210.0,22100.0,0.06535,1320.7235,1444.2350000000001
IMX-USDT-SWAP,2025-03-11 01:02:39.097300,close,-2008.0,0.0,0.492,-987.936,0.0
ENS-USDT-SWAP,2025-03-11 01:02:39.097300,rebalance,79.5,87.10000000000001,16.52,1313.34,1438.892
APT-USDT-SWAP,2025-03-11 01:02:39.097300,rebalance,-74.0,-262.0,5.2338,-387.3012,-1371.2556
ICP-USDT-SWAP,2025-03-11 01:02:39.097300,rebalance,249.44,274.06,5.121,1277.3822400000001,1403.46126
GRT-USDT-SWAP,2025-03-11 01:02:39.097300,rebalance,15130.0,16670.0,0.0849,1284.537,1415.2830000000001
IMX-USDT-SWAP,2025-03-11 01:02:39.097300,open,0.0,1.0,0.492,0.0,0.492
